image_name,class_label,gt_crop,gt_disease,agent,pred_crop,pred_disease,reasoning,confidence,crop_correct,disease_correct,both_correct,parse_failed,reasoning_quality,plausibility
b (166).png,"Citrus,Black Spot",Citrus,Black Spot,llava:7b,Citrus,Healthy,"The image shows a citrus leaf with a few small spots, which could be interpreted as a sign of disease. However, upon closer examination, it is evident that these spots are not indicative of a widespread disease but rather natural variations in leaf coloration. The leaf appears to be healthy, with no signs of severe damage or discoloration that would suggest a disease such as black spot or canker. The spots are small and do not cover a significant portion of the leaf. The overall coloration and texture of the leaf are consistent with a healthy citrus leaf. Confidence: 1.0",,1,0,0,0,,
9.png.png,"Citrus,Healthy",Citrus,Healthy,llava:7b,Citrus,Healthy,"The image shows a single leaf with a smooth surface and no visible signs of disease or damage. The leaf appears to be a healthy citrus leaf with a glossy surface and a well-defined structure, which is typical of citrus leaves. There are no discolorations, spots, or other indications of disease or stress. The confidence level is 1.0, as the leaf appears to be in excellent condition.",,1,1,1,0,,
g (130).png,"Citrus,Greening",Citrus,Greening,llava:7b,Citrus,Healthy,"The image shows a citrus leaf with a healthy appearance, no visible signs of disease such as black spots, canker, or greening. The leaf has a normal coloration, with a vibrant green hue and a yellow vein, which is typical for citrus leaves. The edges of the leaf are crisp and well-defined, indicating that the plant is healthy and not affected by any known citrus diseases. Confidence: 1.0",,1,0,0,0,,
g (85).png,"Citrus,Greening",Citrus,Greening,llava:7b,Citrus,Healthy,"The image shows a single leaf with a smooth surface and no visible signs of disease or damage. The leaf appears to be a healthy citrus leaf, with no discoloration, spots, or other indications of disease. The confidence level is 1.0, as the leaf is clearly healthy and there is no evidence of any disease or damage.",,1,0,0,0,,
155.p.png,"Citrus,Canker",Citrus,Canker,llava:7b,Citrus,Black Spot,"The image shows a leaf with a pattern of dark, irregular spots that are characteristic of black spot disease in citrus crops. The spots are surrounded by a yellow halo, which is typical of the fungal infection caused by black spot. The presence of these spots and the yellow halos indicates that the leaf is affected by black spot disease.",1.0,1,0,0,0,,
150.p.png,"Citrus,Canker",Citrus,Canker,llava:7b,Citrus,Black Spot,"The image shows a citrus leaf with several small, round, dark spots scattered across its surface. These spots are characteristic of black spot disease, which is a common fungal disease affecting citrus crops. The confidence level is high, as the spots are clearly visible and typical of black spot infection.",,1,0,0,0,,
49.pn.png,"Citrus,Healthy",Citrus,Healthy,llava:7b,Citrus,Healthy,"The image shows a single citrus leaf with a smooth surface and no visible signs of disease or damage. The leaf appears to be of a healthy citrus plant, with no discoloration, spots, or other indications of a disease such as black spot or canker. The green color of the leaf and the absence of any abnormalities suggest that the plant is in good health. Confidence: 1.0",,1,1,1,0,,
162.p.png,"Citrus,Canker",Citrus,Canker,llava:7b,Citrus,Black Spot,"The image shows a leaf with a heart-shaped pattern of black spots, which is characteristic of black spot disease in citrus plants. The spots are concentrated in the center of the leaf, and the surrounding tissue appears to be healthy. The presence of these spots indicates that the leaf is affected by black spot disease, which is a common fungal disease in citrus crops. The confidence level is high, as the pattern and distribution of the spots are consistent with black spot disease.",,1,0,0,0,,
b (95).png,"Citrus,Black Spot",Citrus,Black Spot,llava:7b,Citrus,Healthy,"The image shows a citrus leaf with a healthy appearance. There are no visible signs of disease such as black spots, canker, or greening. The leaf has a normal coloration, with green veins and a healthy green surface. The edges of the leaf are crisp and the overall structure of the leaf is intact. There are no discolorations or abnormalities that would indicate the presence of a disease. Based on this visual evidence, the confidence level is 1.0.",,1,0,0,0,,
g (122).png,"Citrus,Greening",Citrus,Greening,llava:7b,Citrus,Healthy,"The image shows a citrus leaf that appears to be healthy with no visible signs of disease or damage. The leaf is green with a few small spots, which could be natural variations in leaf color or possibly early signs of a disease, but without more context or a closer examination, it is not possible to definitively identify a specific disease. The leaf's overall color, texture, and the absence of any obvious symptoms of disease suggest that it is in good condition. Confidence: 0.9",,1,0,0,0,,
b (166).png,"Citrus,Black Spot",Citrus,Black Spot,qwen2.5vl:7b,Citrus,Greening,"The leaf shows symptoms of citrus greening, a bacterial disease characterized by the yellowing and distortion of leaf tissue. This is evident from the yellowing and mottling on the leaf, which is a common symptom of citrus greening.",0.95,1,0,0,0,,
9.png.png,"Citrus,Healthy",Citrus,Healthy,qwen2.5vl:7b,Citrus,Healthy,"The leaf appears to be a healthy citrus leaf with a smooth texture and no visible signs of disease such as spots, lesions, or discoloration. The leaf veins are clearly visible, and the overall shape and color are consistent with a healthy citrus leaf.",0.95,1,1,1,0,,
g (130).png,"Citrus,Greening",Citrus,Greening,qwen2.5vl:7b,Citrus,Greening,"The leaf shows symptoms of Citrus Greening disease, characterized by yellowing and distortion of the leaf, which are typical signs of this bacterial disease. The presence of these symptoms strongly suggests the leaf is diseased.",0.95,1,1,1,0,,
g (85).png,"Citrus,Greening",Citrus,Greening,qwen2.5vl:7b,Citrus,Black Spot,"The leaf shows dark, circular spots with a yellowish halo, which are characteristic of citrus black spot disease. This disease typically appears as small, dark spots on the leaf surface, which matches the visual evidence in the image.",0.9,1,0,0,0,,
155.p.png,"Citrus,Canker",Citrus,Canker,qwen2.5vl:7b,Citrus,Black Spot,"The leaf shows small, circular lesions with a reddish-brown margin, which is characteristic of citrus black spot disease. These lesions are typically found on the upper surface of the leaf and are surrounded by a yellow halo, which is also visible in the image.",0.95,1,0,0,0,,
150.p.png,"Citrus,Canker",Citrus,Canker,qwen2.5vl:7b,Citrus,Black Spot,"The leaf shows circular lesions with a reddish-brown margin and a yellowish center, which are characteristic symptoms of citrus black spot disease. This disease typically appears as small, circular spots on the leaf surface.",0.95,1,0,0,0,,
49.pn.png,"Citrus,Healthy",Citrus,Healthy,qwen2.5vl:7b,Citrus,Black Spot,"The leaf shows small, dark spots which are characteristic of black spot disease in citrus plants. This disease typically appears as small, circular, dark lesions on the leaf surface. The presence of these spots on the leaf in the image is strong evidence of black spot disease.",0.95,1,0,0,0,,
162.p.png,"Citrus,Canker",Citrus,Canker,qwen2.5vl:7b,Citrus,Black Spot,"The leaf shows small, circular, brown spots with yellow halos, which are characteristic symptoms of citrus black spot disease. This disease is commonly found on citrus leaves and fruits.",0.95,1,0,0,0,,
b (95).png,"Citrus,Black Spot",Citrus,Black Spot,qwen2.5vl:7b,Citrus,Greening,"The leaf shows signs of chlorosis, which is a common symptom of citrus greening disease. The yellowing and browning at the tip of the leaf are indicative of this disease, which is caused by a bacterium and can severely impact the health and productivity of citrus trees.",0.9,1,0,0,0,,
g (122).png,"Citrus,Greening",Citrus,Greening,qwen2.5vl:7b,Citrus,Greening,"The leaf exhibits symptoms of Citrus Greening disease, characterized by the yellowing and distortion of the leaf, which is typical of this disease. The presence of these symptoms strongly suggests the leaf is diseased.",0.95,1,1,1,0,,
b (166).png,"Citrus,Black Spot",Citrus,Black Spot,qwen2.5vl:3b,Citrus,Healthy,"The leaf appears to be green and healthy with no visible signs of discoloration, spots, or lesions that would indicate the presence of a disease such as Black Spot, Canker, or Greening.",0.9,1,0,0,0,,
9.png.png,"Citrus,Healthy",Citrus,Healthy,qwen2.5vl:3b,Citrus,Healthy,"The leaf appears to be green and healthy with no visible signs of discoloration, spots, or lesions that would indicate disease. The texture and shape of the leaf are consistent with a healthy citrus leaf.",0.95,1,1,1,0,,
g (130).png,"Citrus,Greening",Citrus,Greening,qwen2.5vl:3b,Citrus,Greening,"The leaf shows signs of chlorosis, which is a common symptom of citrus greening disease. The yellowing and discoloration of the leaf suggest a deficiency in chlorophyll, which is characteristic of this disease. Additionally, the leaf appears to have a slightly curled edge, which can be a symptom of greening disease.",0.8,1,1,1,0,,
g (85).png,"Citrus,Greening",Citrus,Greening,qwen2.5vl:3b,Citrus,Healthy,"The leaf appears to be in good condition with no visible signs of discoloration, spots, or lesions that would indicate the presence of a disease. The edges are smooth and there are no noticeable symptoms of disease such as black spots, cankers, or greening.",0.9,1,0,0,0,,
155.p.png,"Citrus,Canker",Citrus,Canker,qwen2.5vl:3b,Citrus,Greening,"The leaf shows signs of greening, with yellowing and discoloration along the edges and veins. These symptoms are characteristic of citrus greening disease, which is caused by the citrus tristeza virus.",0.9,1,0,0,0,,
150.p.png,"Citrus,Canker",Citrus,Canker,qwen2.5vl:3b,Citrus,Greening,"The leaf shows signs of greening, with yellowish spots and irregular edges, which are characteristic of citrus greening disease. The presence of these symptoms indicates the disease is present.",0.8,1,0,0,0,,
49.pn.png,"Citrus,Healthy",Citrus,Healthy,qwen2.5vl:3b,Citrus,Healthy,"The leaf appears to be green and healthy with no visible signs of disease such as spots, discoloration, or lesions. The texture and color are consistent with a healthy citrus leaf.",0.9,1,1,1,0,,
162.p.png,"Citrus,Canker",Citrus,Canker,qwen2.5vl:3b,Citrus,Greening,"The leaf shows signs of greening, with yellowish spots and discoloration, which are typical symptoms of citrus greening disease. The presence of these symptoms indicates that the leaf is diseased.",0.8,1,0,0,0,,
b (95).png,"Citrus,Black Spot",Citrus,Black Spot,qwen2.5vl:3b,Citrus,Greening,"The leaf shows signs of chlorosis, which is a common symptom of citrus greening disease. The leaf is also curled and has a discolored tip, which are characteristic of this disease.",0.85,1,0,0,0,,
g (122).png,"Citrus,Greening",Citrus,Greening,qwen2.5vl:3b,Citrus,Greening,"The leaf shows signs of greening, such as discoloration and the presence of small, white spots, which are characteristic of citrus greening disease. The leaf is also curled, which is a common symptom of this disease.",0.8,1,1,1,0,,
