image_name,class_label,gt_crop,gt_disease,r3_consensus_crop,r3_consensus_disease,r3_consensus_diseased,r3_mean_confidence,r3_crop_agreement,r3_disease_agreement,r1_consensus_crop,r1_consensus_disease,r1_consensus_diseased,r1_mean_confidence,r1_crop_agreement,r1_disease_agreement,baseline_crop_correct,baseline_disease_correct,baseline_both_correct,consensus_crop_correct,consensus_disease_correct,consensus_both_correct,r1_qwen2.5vl:7b_crop,r1_qwen2.5vl:7b_disease,r1_qwen2.5vl:7b_both_correct,r2_qwen2.5vl:7b_crop,r2_qwen2.5vl:7b_disease,r2_qwen2.5vl:7b_both_correct,r3_qwen2.5vl:7b_crop,r3_qwen2.5vl:7b_disease,r3_qwen2.5vl:7b_both_correct,r2_qwen2.5vl:7b_influenced_by,r3_qwen2.5vl:7b_influenced_by,r2_qwen2.5vl:7b_disease_changed,r3_qwen2.5vl:7b_disease_changed,r1_qwen2.5vl:3b_crop,r1_qwen2.5vl:3b_disease,r1_qwen2.5vl:3b_both_correct,r2_qwen2.5vl:3b_crop,r2_qwen2.5vl:3b_disease,r2_qwen2.5vl:3b_both_correct,r3_qwen2.5vl:3b_crop,r3_qwen2.5vl:3b_disease,r3_qwen2.5vl:3b_both_correct,r2_qwen2.5vl:3b_influenced_by,r3_qwen2.5vl:3b_influenced_by,r2_qwen2.5vl:3b_disease_changed,r3_qwen2.5vl:3b_disease_changed,r1_llava:7b_crop,r1_llava:7b_disease,r1_llava:7b_both_correct,r2_llava:7b_crop,r2_llava:7b_disease,r2_llava:7b_both_correct,r3_llava:7b_crop,r3_llava:7b_disease,r3_llava:7b_both_correct,r2_llava:7b_influenced_by,r3_llava:7b_influenced_by,r2_llava:7b_disease_changed,r3_llava:7b_disease_changed
g (191).png,"Citrus,Greening",Citrus,Greening,Citrus,Greening,1,0.9666666666666667,1.0,1.0,Citrus,Greening,1,0.875,1.0,0.675,1,1,1,1,1,1,Citrus,Greening,1,Citrus,Greening,1,Citrus,Greening,1,None,None,0,0,Citrus,Greening,1,Citrus,Greening,1,Citrus,Greening,1,qwen2.5vl:7b,qwen2.5vl:3b,0,0,Citrus,Healthy,0,Citrus,Greening,1,Citrus,Greening,1,None,None,1,0
95.pn.png,"Citrus,Canker",Citrus,Canker,Citrus,Black Spot,1,0.9666666666666667,1.0,1.0,Citrus,Black Spot,1,0.9166666666666666,1.0,1.0,1,0,0,1,0,0,Citrus,Black Spot,0,Citrus,Black Spot,0,Citrus,Black Spot,0,None,None,0,0,Citrus,Black Spot,0,Citrus,Black Spot,0,Citrus,Black Spot,0,Both qwen2.5vl:7b and llava:7b,None,0,0,Citrus,Black Spot,0,Citrus,Black Spot,0,Citrus,Black Spot,0,Qwen2.5vl:7b,None,0,0
36.pn.png,"Citrus,Healthy",Citrus,Healthy,Citrus,Greening,1,0.9666666666666667,1.0,1.0,Citrus,Greening,1,0.875,1.0,0.675,1,0,0,1,0,0,Citrus,Greening,0,Citrus,Greening,0,Citrus,Greening,0,qwen2.5vl:3b,qwen2.5vl:3b,0,0,Citrus,Greening,0,Citrus,Greening,0,Citrus,Greening,0,qwen2.5vl:7b,qwen2.5vl:3b,0,0,Citrus,Healthy,1,Citrus,Greening,0,Citrus,Greening,0,Qwen2.5vl:7b,None,1,0
9.png.png,"Citrus,Healthy",Citrus,Healthy,Citrus,Healthy,0,1.0,1.0,1.0,Citrus,Healthy,0,0.95,1.0,1.0,1,1,1,1,1,1,Citrus,Healthy,1,Citrus,Healthy,1,Citrus,Healthy,1,None,None,0,0,Citrus,Healthy,1,Citrus,Healthy,1,Citrus,Healthy,1,None,None,0,0,Citrus,Healthy,1,Citrus,Healthy,1,Citrus,Healthy,1,qwen2.5vl:7b and qwen2.5vl:3b,qwen2.5vl:7b and qwen2.5vl:3b,0,0
17.pn.png,"Citrus,Healthy",Citrus,Healthy,Citrus,Greening,1,0.9666666666666667,1.0,0.675,Citrus,Healthy,0,0.875,1.0,0.662,1,1,1,1,0,0,Citrus,Healthy,1,Citrus,Greening,0,Citrus,Greening,0,qwen2.5vl:3b,qwen2.5vl:3b,1,0,Citrus,Greening,0,Citrus,Greening,0,Citrus,Greening,0,qwen2.5vl:3b,qwen2.5vl:7b and llava:7b,0,0,Citrus,Healthy,1,Citrus,Healthy,1,Citrus,Healthy,1,qwen2.5vl:7b,qwen2.5vl:7b,0,0
25.pn.png,"Citrus,Healthy",Citrus,Healthy,Citrus,Greening,1,0.6666666666666666,1.0,0.662,Citrus,Greening,1,0.875,1.0,0.675,1,0,0,1,0,0,Citrus,Greening,0,Citrus,Greening,0,Citrus,Greening,0,None,None,0,0,Citrus,Greening,0,Citrus,Greening,0,Citrus,Black Spot,0,qwen2.5vl:7b,"<exact peer name who changed your verdict, or None>",0,1,Citrus,Healthy,1,Citrus,Greening,0,Citrus,Greening,0,qwen2.5vl:7b,qwen2.5vl:7b,1,0
163.p.png,"Citrus,Canker",Citrus,Canker,Citrus,Greening,1,0.9666666666666667,1.0,0.675,Citrus,Black Spot,1,0.875,1.0,0.338,1,0,0,1,0,0,Citrus,Black Spot,0,Citrus,Black Spot,0,Citrus,Greening,0,None,qwen2.5vl:3b,0,1,Citrus,Greening,0,Citrus,Greening,0,Citrus,Greening,0,qwen2.5vl:3b,qwen2.5vl:7b,0,0,Citrus,Healthy,0,Citrus,Healthy,0,Citrus,Healthy,0,None,None,0,0
g (131).png,"Citrus,Greening",Citrus,Greening,Citrus,Greening,1,0.9666666666666667,1.0,1.0,Citrus,Greening,1,0.875,1.0,0.675,1,1,1,1,1,1,Citrus,Greening,1,Citrus,Greening,1,Citrus,Greening,1,qwen2.5vl:3b,None,0,0,Citrus,Greening,1,Citrus,Greening,1,Citrus,Greening,1,qwen2.5vl:7b,None,0,0,Citrus,Healthy,0,Citrus,Greening,1,Citrus,Greening,1,None,None,1,0
g (96).png,"Citrus,Greening",Citrus,Greening,Citrus,Healthy,0,1.0,1.0,1.0,Citrus,Healthy,0,0.925,1.0,0.662,1,0,0,1,0,0,Citrus,Greening,1,Citrus,Greening,1,Citrus,Healthy,0,qwen2.5vl:7b,None,0,1,Citrus,Healthy,0,Citrus,Healthy,0,Citrus,Healthy,0,None,,0,0,Citrus,Healthy,0,Citrus,Healthy,0,Citrus,Healthy,0,qwen2.5vl:3b,qwen2.5vl:3b,0,0
g (52).png,"Citrus,Greening",Citrus,Greening,Citrus,Greening,1,0.9333333333333332,1.0,1.0,Citrus,Greening,1,0.8500000000000001,1.0,0.675,1,1,1,1,1,1,Citrus,Greening,1,Citrus,Greening,1,Citrus,Greening,1,qwen2.5vl:3b,qwen2.5vl:3b,0,0,Citrus,Greening,1,Citrus,Greening,1,Citrus,Greening,1,qwen2.5vl:7b,"qwen2.5vl:3b, llava:7b",0,0,Citrus,Healthy,0,Citrus,Greening,1,Citrus,Greening,1,None,qwen2.5vl:3b,1,0
g (12).png,"Citrus,Greening",Citrus,Greening,Citrus,Greening,1,1.0,1.0,1.0,Citrus,Greening,1,0.875,1.0,0.675,1,1,1,1,1,1,Citrus,Greening,1,Citrus,Greening,1,Citrus,Greening,1,None,None,0,0,Citrus,Greening,1,Citrus,Greening,1,Citrus,Greening,1,qwen2.5vl:7b,,0,0,Citrus,Healthy,0,Citrus,Greening,1,Citrus,Greening,1,AGREE with qwen2.5vl:7b,None,1,0
b (144).png,"Citrus,Black Spot",Citrus,Black Spot,Citrus,Greening,1,0.9666666666666667,1.0,1.0,Citrus,Greening,1,0.9,1.0,0.675,1,0,0,1,0,0,Citrus,Greening,0,Citrus,Greening,0,Citrus,Greening,0,None,None,0,0,Citrus,Greening,0,Citrus,Greening,0,Citrus,Greening,0,llava:7b,qwen2.5vl:7b and llava:7b,0,0,Citrus,Black Spot,1,Citrus,Greening,0,Citrus,Greening,0,qwen2.5vl:7b,qwen2.5vl:7b,1,0
g (88).png,"Citrus,Greening",Citrus,Greening,Citrus,Healthy,0,0.9666666666666667,1.0,0.675,Citrus,Healthy,0,0.925,1.0,0.662,1,0,0,1,0,0,Citrus,Greening,1,Citrus,Greening,1,Citrus,Healthy,0,None,None,0,1,Citrus,Healthy,0,Citrus,Healthy,0,Citrus,Healthy,0,None,llava:7b,0,0,Citrus,Healthy,0,Citrus,Healthy,0,Citrus,Greening,1,qwen2.5vl:3b,"qwen2.5vl:7b, llava:7b",0,1
51.pn.png,"Citrus,Healthy",Citrus,Healthy,Citrus,Healthy,0,0.6666666666666666,1.0,0.662,Citrus,Healthy,0,0.9,1.0,0.662,1,1,1,1,1,1,Citrus,Greening,0,Citrus,Greening,0,Citrus,Healthy,1,None,None,0,1,Citrus,Healthy,1,Citrus,Healthy,1,Citrus,Black Spot,0,None,"<exact peer name who changed your verdict, or None>",0,1,Citrus,Healthy,1,Citrus,Healthy,1,Citrus,Healthy,1,None,qwen2.5vl:3b,0,0
24.pn.png,"Citrus,Healthy",Citrus,Healthy,Citrus,Healthy,0,1.0,1.0,1.0,Citrus,Healthy,0,0.925,1.0,0.662,1,1,1,1,1,1,Citrus,Greening,0,Citrus,Greening,0,Citrus,Healthy,1,None,None,0,1,Citrus,Healthy,1,Citrus,Healthy,1,Citrus,Healthy,1,None,None,0,0,Citrus,Healthy,1,Citrus,Healthy,1,Citrus,Healthy,1,qwen2.5vl:7b,qwen2.5vl:7b,0,0
13.pn.png,"Citrus,Canker",Citrus,Canker,Citrus,Black Spot,1,0.9833333333333334,1.0,1.0,Citrus,Black Spot,1,0.925,1.0,1.0,1,0,0,1,0,0,Citrus,Black Spot,0,Citrus,Black Spot,0,Citrus,Black Spot,0,None,None,0,0,Citrus,Black Spot,0,Citrus,Black Spot,0,Citrus,Black Spot,0,Both qwen2.5vl:7b and llava:7b,"qwen2.5vl:7b, llava:7b",0,0,Citrus,Black Spot,0,Citrus,Black Spot,0,Citrus,Black Spot,0,Qwen2.5vl:7b and qwen2.5vl:3b,None,0,0
g (113).png,"Citrus,Greening",Citrus,Greening,Citrus,Greening,0,0.9666666666666667,1.0,0.662,Citrus,Healthy,0,0.925,1.0,0.662,1,0,0,1,1,1,Citrus,Greening,1,Citrus,Greening,1,Citrus,Greening,1,None,None,0,0,Citrus,Healthy,0,Citrus,Healthy,0,Citrus,Healthy,0,None,None,0,0,Citrus,Healthy,0,Citrus,Healthy,0,Citrus,Greening,1,Qwen2.5vl:3b,Qwen2.5vl:7b,0,1
b (14).png,"Citrus,Black Spot",Citrus,Black Spot,Citrus,Greening,1,0.9333333333333332,1.0,1.0,Citrus,Greening,1,0.875,1.0,0.675,1,0,0,1,0,0,Citrus,Greening,0,Citrus,Greening,0,Citrus,Greening,0,qwen2.5vl:3b,None,0,0,Citrus,Greening,0,Citrus,Greening,0,Citrus,Greening,0,qwen2.5vl:7b,qwen2.5vl:3b,0,0,Citrus,Healthy,0,Citrus,Greening,0,Citrus,Greening,0,Qwen2.5vl:7b,None,1,0
g (134).png,"Citrus,Greening",Citrus,Greening,Citrus,Healthy,0,0.9666666666666667,1.0,0.675,Citrus,Healthy,0,0.9,1.0,0.662,1,0,0,1,0,0,Citrus,Greening,1,Citrus,Greening,1,Citrus,Healthy,0,qwen2.5vl:7b,None,0,1,Citrus,Healthy,0,Citrus,Healthy,0,Citrus,Healthy,0,None,None,0,0,Citrus,Healthy,0,Citrus,Healthy,0,Citrus,Greening,1,None,None,0,1
b (86).png,"Citrus,Black Spot",Citrus,Black Spot,Citrus,Healthy,0,1.0,1.0,1.0,Citrus,Healthy,0,0.925,1.0,0.662,1,0,0,1,0,0,Citrus,Black Spot,1,Citrus,Black Spot,1,Citrus,Healthy,0,None,None,0,1,Citrus,Healthy,0,Citrus,Healthy,0,Citrus,Healthy,0,None,None,0,0,Citrus,Healthy,0,Citrus,Healthy,0,Citrus,Healthy,0,qwen2.5vl:3b,qwen2.5vl:3b,0,0
123.p.png,"Citrus,Canker",Citrus,Canker,Citrus,Black Spot,1,0.9666666666666667,1.0,0.662,Citrus,Black Spot,1,0.875,1.0,0.662,1,0,0,1,0,0,Citrus,Black Spot,0,Citrus,Black Spot,0,Citrus,Black Spot,0,None,None,0,0,Citrus,Greening,0,Citrus,Greening,0,Citrus,Greening,0,None,llava:7b,0,0,Citrus,Black Spot,0,Citrus,Black Spot,0,Citrus,Black Spot,0,Qwen2.5vl:7b,None,0,0
54.pn.png,"Citrus,Canker",Citrus,Canker,Citrus,Black Spot,1,0.9666666666666667,1.0,0.662,Citrus,Black Spot,1,0.9166666666666666,1.0,0.662,1,0,0,1,0,0,Citrus,Black Spot,0,Citrus,Black Spot,0,Citrus,Black Spot,0,None,None,0,0,Citrus,Greening,0,Citrus,Greening,0,Citrus,Greening,0,llava:7b,None,0,0,Citrus,Black Spot,0,Citrus,Black Spot,0,Citrus,Black Spot,0,qwen2.5vl:3b,qwen2.5vl:7b and llava:7b,0,0
b (226).png,"Citrus,Black Spot",Citrus,Black Spot,Citrus,Black Spot,0,1.0,1.0,0.662,Citrus,Healthy,0,0.925,1.0,0.662,1,0,0,1,1,1,Citrus,Black Spot,1,Citrus,Black Spot,1,Citrus,Black Spot,1,None,None,0,0,Citrus,Healthy,0,Citrus,Healthy,0,Citrus,Healthy,0,None,,0,0,Citrus,Healthy,0,Citrus,Healthy,0,Citrus,Black Spot,1,None,None,0,1
23.pn.png,"Citrus,Healthy",Citrus,Healthy,Citrus,Healthy,0,0.9666666666666667,1.0,1.0,Citrus,Healthy,0,0.925,1.0,0.662,1,1,1,1,1,1,Citrus,Black Spot,0,Citrus,Black Spot,0,Citrus,Healthy,1,None,None,0,1,Citrus,Healthy,1,Citrus,Healthy,1,Citrus,Healthy,1,None,None,0,0,Citrus,Healthy,1,Citrus,Healthy,1,Citrus,Healthy,1,qwen2.5vl:7b,qwen2.5vl:7b,0,0
g (160).png,"Citrus,Greening",Citrus,Greening,Citrus,Greening,1,0.9666666666666667,1.0,1.0,Citrus,Greening,1,0.9166666666666666,1.0,0.675,1,1,1,1,1,1,Citrus,Greening,1,Citrus,Greening,1,Citrus,Greening,1,qwen2.5vl:3b,None,0,0,Citrus,Greening,1,Citrus,Greening,1,Citrus,Greening,1,qwen2.5vl:7b,"qwen2.5vl:7b, llava:7b",0,0,Citrus,Healthy,0,Citrus,Greening,1,Citrus,Greening,1,None,None,1,0
b (94).png,"Citrus,Black Spot",Citrus,Black Spot,Citrus,Greening,1,0.9666666666666667,1.0,1.0,Citrus,Greening,1,0.8999999999999999,1.0,0.675,1,0,0,1,0,0,Citrus,Greening,0,Citrus,Greening,0,Citrus,Greening,0,qwen2.5vl:3b,None,0,0,Citrus,Greening,0,Citrus,Greening,0,Citrus,Greening,0,qwen2.5vl:7b,qwen2.5vl:3b,0,0,Citrus,Healthy,0,Citrus,Greening,0,Citrus,Greening,0,AGREE with qwen2.5vl:7b,None,1,0
bl (6).png,"Citrus,Black Spot",Citrus,Black Spot,Citrus,Canker,1,0.9666666666666667,1.0,0.662,Citrus,Greening,1,0.8500000000000001,1.0,0.675,1,0,0,1,0,0,Citrus,Greening,0,Citrus,Greening,0,Citrus,Canker,0,None,llava:7b,0,1,Citrus,Greening,0,Citrus,Greening,0,Citrus,Greening,0,qwen2.5vl:7b,llava:7b,0,0,Citrus,Canker,0,Citrus,Canker,0,Citrus,Canker,0,qwen2.5vl:7b,qwen2.5vl:7b,0,0
b (281).png,"Citrus,Black Spot",Citrus,Black Spot,Citrus,Greening,1,0.9666666666666667,1.0,1.0,Citrus,Greening,1,0.9166666666666666,1.0,0.675,1,0,0,1,0,0,Citrus,Greening,0,Citrus,Greening,0,Citrus,Greening,0,None,None,0,0,Citrus,Greening,0,Citrus,Greening,0,Citrus,Greening,0,None,qwen2.5vl:3b,0,0,Citrus,Black Spot,1,Citrus,Greening,0,Citrus,Greening,0,Qwen2.5vl:7b,None,1,0
7.png.png,"Citrus,Healthy",Citrus,Healthy,Citrus,Greening,1,0.9333333333333332,1.0,1.0,Citrus,Greening,1,0.875,1.0,0.675,1,0,0,1,0,0,Citrus,Greening,0,Citrus,Greening,0,Citrus,Greening,0,qwen2.5vl:3b,None,0,0,Citrus,Greening,0,Citrus,Greening,0,Citrus,Greening,0,qwen2.5vl:7b,qwen2.5vl:7b,0,0,Citrus,Healthy,1,Citrus,Greening,0,Citrus,Greening,0,None,None,1,0
g (42).png,"Citrus,Greening",Citrus,Greening,Citrus,Healthy,0,1.0,1.0,0.675,Citrus,Healthy,0,0.925,1.0,0.662,1,0,0,1,0,0,Citrus,Greening,1,Citrus,Greening,1,Citrus,Healthy,0,None,None,0,1,Citrus,Healthy,0,Citrus,Healthy,0,Citrus,Healthy,0,None,None,0,0,Citrus,Healthy,0,Citrus,Healthy,0,Citrus,Greening,1,None,None,0,1
156.p.png,"Citrus,Canker",Citrus,Canker,Citrus,Black Spot,1,0.9666666666666667,1.0,0.662,Citrus,Black Spot,1,0.9166666666666666,1.0,0.662,1,0,0,1,0,0,Citrus,Black Spot,0,Citrus,Black Spot,0,Citrus,Black Spot,0,qwen2.5vl:7b,None,0,0,Citrus,Greening,0,Citrus,Greening,0,Citrus,Greening,0,None,llava:7b,0,0,Citrus,Black Spot,0,Citrus,Black Spot,0,Citrus,Black Spot,0,qwen2.5vl:7b,"qwen2.5vl:7b, llava:7b",0,0
59.pn.png,"Citrus,Canker",Citrus,Canker,Citrus,Black Spot,1,0.9666666666666667,1.0,1.0,Citrus,Black Spot,1,0.8999999999999999,1.0,1.0,1,0,0,1,0,0,Citrus,Black Spot,0,Citrus,Black Spot,0,Citrus,Black Spot,0,None,None,0,0,Citrus,Black Spot,0,Citrus,Black Spot,0,Citrus,Black Spot,0,"llava:7b, qwen2.5vl:7b",qwen2.5vl:7b and llava:7b,0,0,Citrus,Black Spot,0,Citrus,Black Spot,0,Citrus,Black Spot,0,Qwen2.5vl:7b,None,0,0
64.pn.png,"Citrus,Canker",Citrus,Canker,Citrus,Black Spot,1,1.0,1.0,1.0,Citrus,Black Spot,1,0.9166666666666666,1.0,1.0,1,0,0,1,0,0,Citrus,Black Spot,0,Citrus,Black Spot,0,Citrus,Black Spot,0,None,None,0,0,Citrus,Black Spot,0,Citrus,Black Spot,0,Citrus,Black Spot,0,Both qwen2.5vl:7b and llava:7b,,0,0,Citrus,Black Spot,0,Citrus,Black Spot,0,Citrus,Black Spot,0,qwen2.5vl:7b and qwen2.5vl:3b,qwen2.5vl:7b and llava:7b,0,0
97.pn.png,"Citrus,Canker",Citrus,Canker,Citrus,Black Spot,1,1.0,1.0,1.0,Citrus,Black Spot,1,0.9333333333333332,1.0,1.0,1,0,0,1,0,0,Citrus,Black Spot,0,Citrus,Black Spot,0,Citrus,Black Spot,0,None,None,0,0,Citrus,Black Spot,0,Citrus,Black Spot,0,Citrus,Black Spot,0,None,None,0,0,Citrus,Black Spot,0,Citrus,Black Spot,0,Citrus,Black Spot,0,Qwen2.5vl:7b and qwen2.5vl:3b,None,0,0
84.pn.png,"Citrus,Canker",Citrus,Canker,Citrus,Greening,1,0.9666666666666667,1.0,1.0,Citrus,Greening,1,0.8500000000000001,1.0,1.0,1,0,0,1,0,0,Citrus,Greening,0,Citrus,Greening,0,Citrus,Greening,0,None,None,0,0,Citrus,Greening,0,Citrus,Greening,0,Citrus,Greening,0,"qwen2.5vl:7b, llava:7b",Both qwen2.5vl:7b and llava:7b,0,0,Citrus,Greening,0,Citrus,Greening,0,Citrus,Greening,0,Qwen2.5vl:7b,None,0,0
b (270).png,"Citrus,Black Spot",Citrus,Black Spot,Citrus,Greening,1,0.9666666666666667,1.0,1.0,Citrus,Greening,1,0.875,1.0,0.675,1,0,0,1,0,0,Citrus,Greening,0,Citrus,Greening,0,Citrus,Greening,0,None,None,0,0,Citrus,Greening,0,Citrus,Greening,0,Citrus,Greening,0,None,qwen2.5vl:3b,0,0,Citrus,Healthy,0,Citrus,Greening,0,Citrus,Greening,0,None,qwen2.5vl,1,0
161.p.png,"Citrus,Canker",Citrus,Canker,Citrus,Healthy,0,1.0,1.0,1.0,Citrus,Healthy,0,0.925,1.0,0.662,1,0,0,1,0,0,Citrus,Greening,0,Citrus,Greening,0,Citrus,Healthy,0,None,None,0,1,Citrus,Healthy,0,Citrus,Healthy,0,Citrus,Healthy,0,None,None,0,0,Citrus,Healthy,0,Citrus,Healthy,0,Citrus,Healthy,0,Qwen2.5vl:7b,llava:7b,0,0
b (162).png,"Citrus,Black Spot",Citrus,Black Spot,Citrus,Black Spot,1,1.0,1.0,1.0,Citrus,Black Spot,1,0.875,1.0,0.675,1,1,1,1,1,1,Citrus,Black Spot,1,Citrus,Black Spot,1,Citrus,Black Spot,1,None,None,0,0,Citrus,Black Spot,1,Citrus,Black Spot,1,Citrus,Black Spot,1,"qwen2.5vl:7b, llava:7b",,0,0,Citrus,Canker,0,Citrus,Canker,0,Citrus,Black Spot,1,None,qwen2.5vl:3b,0,1
138.p.png,"Citrus,Canker",Citrus,Canker,Citrus,Black Spot,1,0.9666666666666667,1.0,0.662,Citrus,Black Spot,1,0.9166666666666666,1.0,0.662,1,0,0,1,0,0,Citrus,Black Spot,0,Citrus,Black Spot,0,Citrus,Black Spot,0,None,None,0,0,Citrus,Greening,0,Citrus,Greening,0,Citrus,Greening,0,qwen2.5vl:3b,"qwen2.5vl:7b, llava:7b",0,0,Citrus,Black Spot,0,Citrus,Black Spot,0,Citrus,Black Spot,0,qwen2.5vl:7b,qwen2.5vl:7b,0,0
45.pn.png,"Citrus,Healthy",Citrus,Healthy,Citrus,Healthy,0,1.0,1.0,1.0,Citrus,Healthy,0,0.925,1.0,0.662,1,1,1,1,1,1,Citrus,Greening,0,Citrus,Healthy,1,Citrus,Healthy,1,None,None,1,0,Citrus,Healthy,1,Citrus,Healthy,1,Citrus,Healthy,1,None,,0,0,Citrus,Healthy,1,Citrus,Healthy,1,Citrus,Healthy,1,None,None,0,0
143.p.png,"Citrus,Canker",Citrus,Canker,Citrus,Black Spot,1,1.0,1.0,1.0,Citrus,Black Spot,1,0.925,1.0,1.0,1,0,0,1,0,0,Citrus,Black Spot,0,Citrus,Black Spot,0,Citrus,Black Spot,0,None,None,0,0,Citrus,Black Spot,0,Citrus,Black Spot,0,Citrus,Black Spot,0,"qwen2.5vl:7b, llava:7b",None,0,0,Citrus,Black Spot,0,Citrus,Black Spot,0,Citrus,Black Spot,0,None,None,0,0
g (204).png,"Citrus,Greening",Citrus,Greening,Citrus,Healthy,0,1.0,1.0,1.0,Citrus,Healthy,0,0.9,1.0,0.662,1,0,0,1,0,0,Citrus,Greening,1,Citrus,Greening,1,Citrus,Healthy,0,None,None,0,1,Citrus,Healthy,0,Citrus,Healthy,0,Citrus,Healthy,0,None,,0,0,Citrus,Healthy,0,Citrus,Healthy,0,Citrus,Healthy,0,qwen2.5vl:7b,qwen2.5vl:7b,0,0
40.pn.png,"Citrus,Healthy",Citrus,Healthy,Citrus,Greening,1,0.9666666666666667,1.0,1.0,Citrus,Greening,1,0.875,1.0,0.675,1,0,0,1,0,0,Citrus,Greening,0,Citrus,Greening,0,Citrus,Greening,0,None,None,0,0,Citrus,Greening,0,Citrus,Greening,0,Citrus,Greening,0,qwen2.5vl:7b,qwen2.5vl:3b,0,0,Citrus,Healthy,1,Citrus,Greening,0,Citrus,Greening,0,None,qwen2.5vl,1,0
28.pn.png,"Citrus,Healthy",Citrus,Healthy,Citrus,Healthy,0,0.9833333333333334,1.0,1.0,Citrus,Healthy,0,0.95,1.0,0.662,1,1,1,1,1,1,Citrus,Black Spot,0,Citrus,Black Spot,0,Citrus,Healthy,1,None,None,0,1,Citrus,Healthy,1,Citrus,Healthy,1,Citrus,Healthy,1,None,qwen2.5vl:7b and llava:7b,0,0,Citrus,Healthy,1,Citrus,Healthy,1,Citrus,Healthy,1,qwen2.5vl:7b,qwen2.5vl:7b,0,0
g (157).png,"Citrus,Greening",Citrus,Greening,Citrus,Healthy,0,0.9333333333333332,1.0,0.662,Citrus,Healthy,0,0.9,1.0,0.662,1,0,0,1,0,0,Citrus,Greening,1,Citrus,Greening,1,Citrus,Healthy,0,None,None,0,1,Citrus,Healthy,0,Citrus,Healthy,0,Citrus,Greening,1,None,llava:7b,0,1,Citrus,Healthy,0,Citrus,Healthy,0,Citrus,Healthy,0,Qwen2.5vl:7b,None,0,0
g (125).png,"Citrus,Greening",Citrus,Greening,Citrus,Greening,1,0.95,1.0,1.0,Citrus,Greening,1,0.875,1.0,0.675,1,1,1,1,1,1,Citrus,Greening,1,Citrus,Greening,1,Citrus,Greening,1,qwen2.5vl:3b,qwen2.5vl:3b,0,0,Citrus,Greening,1,Citrus,Greening,1,Citrus,Greening,1,qwen2.5vl:7b,,0,0,Citrus,Healthy,0,Citrus,Greening,1,Citrus,Greening,1,AGREE with peer assessments by name: qwen2.5vl:7b and qwen2.5vl:3b,None,1,0
g (11).png,"Citrus,Greening",Citrus,Greening,Citrus,Greening,1,0.9666666666666667,1.0,1.0,Citrus,Greening,1,0.875,1.0,0.675,1,1,1,1,1,1,Citrus,Greening,1,Citrus,Greening,1,Citrus,Greening,1,qwen2.5vl:3b,None,0,0,Citrus,Greening,1,Citrus,Greening,1,Citrus,Greening,1,llava:7b,qwen2.5vl:3b,0,0,Citrus,Healthy,0,Citrus,Greening,1,Citrus,Greening,1,Qwen2.5vl:7b,None,1,0
g (15).png,"Citrus,Greening",Citrus,Greening,Citrus,Greening,1,0.9666666666666667,1.0,1.0,Citrus,Greening,1,0.875,1.0,0.675,1,1,1,1,1,1,Citrus,Greening,1,Citrus,Greening,1,Citrus,Greening,1,None,None,0,0,Citrus,Greening,1,Citrus,Greening,1,Citrus,Greening,1,qwen2.5vl:7b,qwen2.5vl:3b,0,0,Citrus,Healthy,0,Citrus,Greening,1,Citrus,Greening,1,None,qwen2.5vl's initial verdict and the subsequent discussion with peers.,1,0
g (63).png,"Citrus,Greening",Citrus,Greening,Citrus,Healthy,0,0.9666666666666667,1.0,0.675,Citrus,Healthy,0,0.925,1.0,0.662,1,0,0,1,0,0,Citrus,Greening,1,Citrus,Greening,1,Citrus,Healthy,0,qwen2.5vl:7b,None,0,1,Citrus,Healthy,0,Citrus,Healthy,0,Citrus,Healthy,0,None,None,0,0,Citrus,Healthy,0,Citrus,Greening,1,Citrus,Greening,1,None,qwen2.5vl:3b,1,0
49.pn.png,"Citrus,Healthy",Citrus,Healthy,Citrus,Healthy,0,1.0,1.0,1.0,Citrus,Healthy,0,0.925,1.0,0.662,1,1,1,1,1,1,Citrus,Greening,0,Citrus,Healthy,1,Citrus,Healthy,1,None,None,1,0,Citrus,Healthy,1,Citrus,Healthy,1,Citrus,Healthy,1,None,None,0,0,Citrus,Healthy,1,Citrus,Healthy,1,Citrus,Healthy,1,None,"qwen2.5vl:7b, llava:7b",0,0
6.png.png,"Citrus,Healthy",Citrus,Healthy,Citrus,Healthy,0,1.0,1.0,1.0,Citrus,Healthy,0,0.95,1.0,0.662,1,1,1,1,1,1,Citrus,Black Spot,0,Citrus,Black Spot,0,Citrus,Healthy,1,qwen2.5vl:7b,None,0,1,Citrus,Healthy,1,Citrus,Healthy,1,Citrus,Healthy,1,None,None,0,0,Citrus,Healthy,1,Citrus,Healthy,1,Citrus,Healthy,1,qwen2.5vl:3b,qwen2.5vl:3b,0,0
114.p.png,"Citrus,Canker",Citrus,Canker,Citrus,Black Spot,1,0.9666666666666667,1.0,1.0,Citrus,Black Spot,1,0.925,1.0,1.0,1,0,0,1,0,0,Citrus,Black Spot,0,Citrus,Black Spot,0,Citrus,Black Spot,0,None,None,0,0,Citrus,Black Spot,0,Citrus,Black Spot,0,Citrus,Black Spot,0,None,"qwen2.5vl:7b, llava:7b",0,0,Citrus,Black Spot,0,Citrus,Black Spot,0,Citrus,Black Spot,0,Qwen2.5vl:7b and qwen2.5vl:3b,qwen2.5vl:7b and llava:7b,0,0
1.png.png,"Citrus,Healthy",Citrus,Healthy,Citrus,Greening,1,0.9666666666666667,1.0,1.0,Citrus,Greening,1,0.875,1.0,0.675,1,0,0,1,0,0,Citrus,Greening,0,Citrus,Greening,0,Citrus,Greening,0,qwen2.5vl:3b,None,0,0,Citrus,Greening,0,Citrus,Greening,0,Citrus,Greening,0,None,None,0,0,Citrus,Healthy,1,Citrus,Greening,0,Citrus,Greening,0,None,None,1,0
147.p.png,"Citrus,Canker",Citrus,Canker,Citrus,Black Spot,1,1.0,1.0,0.662,Citrus,Black Spot,1,0.875,1.0,0.662,1,0,0,1,0,0,Citrus,Black Spot,0,Citrus,Black Spot,0,Citrus,Black Spot,0,None,None,0,0,Citrus,Greening,0,Citrus,Greening,0,Citrus,Greening,0,None,"qwen2.5vl:7b, llava:7b",0,0,Citrus,Black Spot,0,Citrus,Black Spot,0,Citrus,Black Spot,0,Peer assessments qwen2.5vl:7b,,0,0
53.pn.png,"Citrus,Canker",Citrus,Canker,Citrus,Black Spot,1,1.0,1.0,1.0,Citrus,Black Spot,1,0.8833333333333333,1.0,1.0,1,0,0,1,0,0,Citrus,Black Spot,0,Citrus,Black Spot,0,Citrus,Black Spot,0,None,None,0,0,Citrus,Black Spot,0,Citrus,Black Spot,0,Citrus,Black Spot,0,qwen2.5vl:7b and llava:7b,,0,0,Citrus,Black Spot,0,Citrus,Black Spot,0,Citrus,Black Spot,0,qwen2.5vl:7b,"qwen2.5vl:7b, llava:7b",0,0
27.pn.png,"Citrus,Canker",Citrus,Canker,Citrus,Black Spot,1,0.9333333333333332,1.0,1.0,Citrus,Black Spot,1,0.925,1.0,0.662,1,0,0,1,0,0,Citrus,Black Spot,0,Citrus,Black Spot,0,Citrus,Black Spot,0,None,None,0,0,Citrus,Healthy,0,Citrus,Healthy,0,Citrus,Black Spot,0,None,llava:7b,0,1,Citrus,Black Spot,0,Citrus,Black Spot,0,Citrus,Black Spot,0,AGREE with qwen2.5vl:7b,qwen2.5vl:7b and llava:7b,0,0
44.pn.png,"Citrus,Canker",Citrus,Canker,Citrus,Black Spot,1,0.9666666666666667,1.0,1.0,Citrus,Black Spot,1,0.9166666666666666,1.0,0.662,1,0,0,1,0,0,Citrus,Black Spot,0,Citrus,Black Spot,0,Citrus,Black Spot,0,,llava:7b,0,0,Citrus,Greening,0,Citrus,Greening,0,Citrus,Black Spot,0,None,qwen2.5vl:7b,0,1,Citrus,Black Spot,0,Citrus,Black Spot,0,Citrus,Black Spot,0,qwen2.5vl:7b,qwen2.5vl:7b,0,0
78.jpg,"Citrus,Black Spot",Citrus,Black Spot,Citrus,Black Spot,1,0.9666666666666667,1.0,1.0,Citrus,Black Spot,1,0.875,1.0,1.0,1,1,1,1,1,1,Citrus,Black Spot,1,Citrus,Black Spot,1,Citrus,Black Spot,1,None,None,0,0,Citrus,Black Spot,1,Citrus,Black Spot,1,Citrus,Black Spot,1,qwen2.5vl:7b and llava:7b,None,0,0,Citrus,Black Spot,1,Citrus,Black Spot,1,Citrus,Black Spot,1,qwen2.5vl:7b,"qwen2.5vl:7b, llava:7b",0,0
g (178).png,"Citrus,Greening",Citrus,Greening,Citrus,Greening,0,1.0,1.0,0.662,Citrus,Greening,1,0.825,1.0,0.675,1,1,1,1,1,1,Citrus,Greening,1,Citrus,Greening,1,Citrus,Greening,1,qwen2.5vl:3b,None,0,0,Citrus,Greening,1,Citrus,Greening,1,Citrus,Healthy,0,llava:7b,,0,1,Citrus,Healthy,0,Citrus,Greening,1,Citrus,Greening,1,None,None,1,0
g (156).png,"Citrus,Greening",Citrus,Greening,Citrus,Greening,1,0.6666666666666666,1.0,0.662,Citrus,Greening,1,0.875,1.0,0.675,1,1,1,1,1,1,Citrus,Greening,1,Citrus,Greening,1,Citrus,Greening,1,qwen2.5vl:3b,None,0,0,Citrus,Greening,1,Citrus,Greening,1,Citrus,Black Spot,0,qwen2.5vl:7b,"<exact peer name who changed your verdict, or None>",0,1,Citrus,Healthy,0,Citrus,Greening,1,Citrus,Greening,1,Qwen2.5vl:7b,None,1,0
19.pn.png,"Citrus,Canker",Citrus,Canker,Citrus,Black Spot,1,0.9666666666666667,1.0,0.662,Citrus,Black Spot,1,0.9166666666666666,1.0,0.662,1,0,0,1,0,0,Citrus,Black Spot,0,Citrus,Black Spot,0,Citrus,Black Spot,0,None,None,0,0,Citrus,Greening,0,Citrus,Greening,0,Citrus,Greening,0,qwen2.5vl:7b,"qwen2.5vl:7b, llava:7b",0,0,Citrus,Black Spot,0,Citrus,Black Spot,0,Citrus,Black Spot,0,None,qwen2.5vl:7b and llava:7b,0,0
14.pn.png,"Citrus,Healthy",Citrus,Healthy,Citrus,Greening,1,0.9333333333333332,1.0,1.0,Citrus,Black Spot,1,0.875,1.0,0.338,1,0,0,1,0,0,Citrus,Black Spot,0,Citrus,Greening,0,Citrus,Greening,0,qwen2.5vl:3b,qwen2.5vl:3b,1,0,Citrus,Greening,0,Citrus,Greening,0,Citrus,Greening,0,qwen2.5vl:3b,"qwen2.5vl:3b, llava:7b",0,0,Citrus,Healthy,1,Citrus,Healthy,1,Citrus,Greening,0,None,AGREE,0,1
g (73).png,"Citrus,Greening",Citrus,Greening,Citrus,Greening,1,0.9666666666666667,1.0,0.675,Citrus,Black Spot,1,0.875,1.0,0.338,1,0,0,1,1,1,Citrus,Black Spot,0,Citrus,Black Spot,0,Citrus,Greening,1,None,qwen2.5vl:3b,0,1,Citrus,Greening,1,Citrus,Greening,1,Citrus,Greening,1,qwen2.5vl:7b,qwen2.5vl:3b,0,0,Citrus,Healthy,0,Citrus,Healthy,0,Citrus,Healthy,0,None,None,0,0
22.pn.png,"Citrus,Healthy",Citrus,Healthy,Citrus,Healthy,0,1.0,1.0,1.0,Citrus,Healthy,0,0.925,1.0,0.662,1,1,1,1,1,1,Citrus,Black Spot,0,Citrus,Black Spot,0,Citrus,Healthy,1,None,None,0,1,Citrus,Healthy,1,Citrus,Healthy,1,Citrus,Healthy,1,None,None,0,0,Citrus,Healthy,1,Citrus,Healthy,1,Citrus,Healthy,1,qwen2.5vl:3b,qwen2.5vl:3b,0,0
g (37).png,"Citrus,Greening",Citrus,Greening,Citrus,Greening,1,0.95,1.0,1.0,Citrus,Greening,1,0.875,1.0,0.675,1,1,1,1,1,1,Citrus,Greening,1,Citrus,Greening,1,Citrus,Greening,1,None,qwen2.5vl:3b,0,0,Citrus,Greening,1,Citrus,Greening,1,Citrus,Greening,1,qwen2.5vl:7b,,0,0,Citrus,Healthy,0,Citrus,Greening,1,Citrus,Greening,1,None,None,1,0
121.p.png,"Citrus,Canker",Citrus,Canker,Citrus,Black Spot,1,0.95,1.0,1.0,Citrus,Black Spot,1,0.9,1.0,0.662,1,0,0,1,0,0,Citrus,Black Spot,0,Citrus,Black Spot,0,Citrus,Black Spot,0,None,"qwen2.5vl:7b, llava:7b",0,0,Citrus,Greening,0,Citrus,Greening,0,Citrus,Black Spot,0,None,llava:7b,0,1,Citrus,Black Spot,0,Citrus,Black Spot,0,Citrus,Black Spot,0,Qwen2.5vl:7b,qwen2.5vl:7b and llava:7b,0,0
29.pn.png,"Citrus,Healthy",Citrus,Healthy,Citrus,Healthy,0,0.9666666666666667,1.0,1.0,Citrus,Healthy,0,0.925,1.0,0.662,1,1,1,1,1,1,Citrus,Greening,0,Citrus,Greening,0,Citrus,Healthy,1,None,None,0,1,Citrus,Healthy,1,Citrus,Healthy,1,Citrus,Healthy,1,None,None,0,0,Citrus,Healthy,1,Citrus,Healthy,1,Citrus,Healthy,1,qwen2.5vl:3b,qwen2.5vl:3b,0,0
b (176).png,"Citrus,Black Spot",Citrus,Black Spot,Citrus,Greening,1,0.9333333333333332,1.0,0.675,Citrus,Greening,1,0.925,1.0,0.338,1,0,0,1,0,0,Citrus,Greening,0,Citrus,Greening,0,Citrus,Greening,0,None,qwen2.5vl:7b,0,0,Citrus,Healthy,0,Citrus,Healthy,0,Citrus,Greening,0,None,qwen2.5vl:7b,0,1,Citrus,Black Spot,1,Citrus,Black Spot,1,Citrus,Black Spot,1,Qwen2.5vl:7b,qwen2.5vl:7b,0,0
g (188).png,"Citrus,Greening",Citrus,Greening,Citrus,Greening,1,0.9666666666666667,1.0,1.0,Citrus,Greening,1,0.875,1.0,0.675,1,1,1,1,1,1,Citrus,Greening,1,Citrus,Greening,1,Citrus,Greening,1,qwen2.5vl:3b,None,0,0,Citrus,Greening,1,Citrus,Greening,1,Citrus,Greening,1,"qwen2.5vl:3b, llava:7b",None,0,0,Citrus,Healthy,0,Citrus,Healthy,0,Citrus,Greening,1,None,None,0,1
b (169).png,"Citrus,Black Spot",Citrus,Black Spot,Citrus,Greening,1,0.95,1.0,0.675,Citrus,Greening,1,0.875,1.0,0.675,1,0,0,1,0,0,Citrus,Greening,0,Citrus,Greening,0,Citrus,Greening,0,None,qwen2.5vl:3b,0,0,Citrus,Greening,0,Citrus,Greening,0,Citrus,Greening,0,None,qwen2.5vl:3b,0,0,Citrus,Black Spot,1,Citrus,Black Spot,1,Citrus,Black Spot,1,None,None,0,0
b (196).png,"Citrus,Black Spot",Citrus,Black Spot,Citrus,Greening,1,0.9666666666666667,1.0,0.675,Citrus,Greening,1,0.8833333333333333,1.0,0.675,1,0,0,1,0,0,Citrus,Greening,0,Citrus,Greening,0,Citrus,Greening,0,None,None,0,0,Citrus,Greening,0,Citrus,Greening,0,Citrus,Greening,0,None,qwen2.5vl:3b,0,0,Citrus,Canker,0,Citrus,Canker,0,Citrus,Canker,0,None,None,0,0
86.pn.png,"Citrus,Canker",Citrus,Canker,Citrus,Black Spot,1,0.9666666666666667,1.0,1.0,Citrus,Black Spot,1,0.9500000000000001,1.0,0.662,1,0,0,1,0,0,Citrus,Black Spot,0,Citrus,Black Spot,0,Citrus,Black Spot,0,None,llava:7b,0,0,Citrus,Healthy,0,Citrus,Healthy,0,Citrus,Black Spot,0,None,llava:7b,0,1,Citrus,Black Spot,0,Citrus,Black Spot,0,Citrus,Black Spot,0,qwen2.5vl:7b,None,0,0
b (180).png,"Citrus,Black Spot",Citrus,Black Spot,Citrus,Greening,1,0.9666666666666667,1.0,1.0,Citrus,Healthy,0,0.925,1.0,0.662,1,0,0,1,0,0,Citrus,Greening,0,Citrus,Greening,0,Citrus,Greening,0,None,None,0,0,Citrus,Healthy,0,Citrus,Healthy,0,Citrus,Greening,0,llava:7b,None,0,1,Citrus,Healthy,0,Citrus,Greening,0,Citrus,Greening,0,Qwen2.5vl:7b,None,1,0
b (205).png,"Citrus,Black Spot",Citrus,Black Spot,Citrus,Healthy,0,0.9666666666666667,1.0,1.0,Citrus,Healthy,0,0.925,1.0,0.662,1,0,0,1,0,0,Citrus,Greening,0,Citrus,Greening,0,Citrus,Healthy,0,qwen2.5vl:7b,None,0,1,Citrus,Healthy,0,Citrus,Healthy,0,Citrus,Healthy,0,None,None,0,0,Citrus,Healthy,0,Citrus,Healthy,0,Citrus,Healthy,0,Qwen2.5vl:7b,qwen2.5vl:7b,0,0
151.p.png,"Citrus,Canker",Citrus,Canker,Citrus,Black Spot,1,0.9666666666666667,1.0,1.0,Citrus,Black Spot,1,0.9166666666666666,1.0,1.0,1,0,0,1,0,0,Citrus,Black Spot,0,Citrus,Black Spot,0,Citrus,Black Spot,0,None,None,0,0,Citrus,Black Spot,0,Citrus,Black Spot,0,Citrus,Black Spot,0,None,"qwen2.5vl:7b, llava:7b",0,0,Citrus,Black Spot,0,Citrus,Black Spot,0,Citrus,Black Spot,0,qwen2.5vl:3b,None,0,0
19.pn.png,"Citrus,Healthy",Citrus,Healthy,Citrus,Healthy,0,1.0,1.0,1.0,Citrus,Healthy,0,0.925,1.0,1.0,1,1,1,1,1,1,Citrus,Healthy,1,Citrus,Healthy,1,Citrus,Healthy,1,None,None,0,0,Citrus,Healthy,1,Citrus,Healthy,1,Citrus,Healthy,1,"qwen2.5vl:7b, llava:7b",None,0,0,Citrus,Healthy,1,Citrus,Healthy,1,Citrus,Healthy,1,qwen2.5vl:7b,qwen2.5vl:7b and qwen2.5vl:3b,0,0
53.pn.png,"Citrus,Healthy",Citrus,Healthy,Citrus,Healthy,0,0.6666666666666666,1.0,0.338,Citrus,Healthy,0,0.925,1.0,0.662,1,1,1,1,1,1,Citrus,Greening,0,Citrus,Greening,0,Citrus,Healthy,1,None,None,0,1,Citrus,Healthy,1,Citrus,Healthy,1,Citrus,Black Spot,0,None,"<exact peer name who changed your verdict, or None>",0,1,Citrus,Healthy,1,Citrus,Healthy,1,Citrus,Greening,0,qwen2.5vl:3b,qwen2.5vl:3b,0,1
g (32).png,"Citrus,Greening",Citrus,Greening,Citrus,Healthy,0,0.9666666666666667,1.0,0.675,Citrus,Healthy,0,0.925,1.0,0.662,1,0,0,1,0,0,Citrus,Greening,1,Citrus,Greening,1,Citrus,Healthy,0,None,None,0,1,Citrus,Healthy,0,Citrus,Healthy,0,Citrus,Healthy,0,None,None,0,0,Citrus,Healthy,0,Citrus,Healthy,0,Citrus,Greening,1,None,qwen2.5vl:7b,0,1
b (139).png,"Citrus,Black Spot",Citrus,Black Spot,Citrus,Healthy,1,0.9666666666666667,1.0,0.338,Citrus,Greening,1,0.9500000000000001,1.0,0.338,1,0,0,1,0,0,Citrus,Greening,0,Citrus,Greening,0,Citrus,Healthy,0,None,None,0,1,Citrus,Healthy,0,Citrus,Healthy,0,Citrus,Greening,0,None,qwen2.5vl:7b,0,1,Citrus,Black Spot,1,Citrus,Black Spot,1,Citrus,Black Spot,1,AGREE with qwen2.5vl:7b,None,0,0
57.pn.png,"Citrus,Healthy",Citrus,Healthy,Citrus,Greening,1,0.9666666666666667,1.0,1.0,Citrus,Greening,1,0.875,1.0,0.675,1,0,0,1,0,0,Citrus,Greening,0,Citrus,Greening,0,Citrus,Greening,0,qwen2.5vl:3b,None,0,0,Citrus,Greening,0,Citrus,Greening,0,Citrus,Greening,0,None,qwen2.5vl:3b,0,0,Citrus,Healthy,1,Citrus,Healthy,1,Citrus,Greening,0,None,qwen2.5vl,0,1
30.pn.png,"Citrus,Healthy",Citrus,Healthy,Citrus,Healthy,0,1.0,1.0,1.0,Citrus,Healthy,0,0.95,1.0,0.662,1,1,1,1,1,1,Citrus,Greening,0,Citrus,Healthy,1,Citrus,Healthy,1,None,None,1,0,Citrus,Healthy,1,Citrus,Healthy,1,Citrus,Healthy,1,None,None,0,0,Citrus,Healthy,1,Citrus,Healthy,1,Citrus,Healthy,1,qwen2.5vl:7b,qwen2.5vl:7b and qwen2.5vl:3b,0,0
b (282).png,"Citrus,Black Spot",Citrus,Black Spot,Citrus,Healthy,0,0.5,1.0,0.662,Citrus,Healthy,0,0.925,1.0,0.662,1,0,0,1,0,0,Citrus,Greening,0,Citrus,Greening,0,Citrus,Healthy,0,qwen2.5vl:7b,None,0,1,Citrus,Healthy,0,Citrus,Healthy,0,Citrus,Black Spot,1,None,"<exact peer name who changed your verdict, or None>",0,1,Citrus,Healthy,0,Citrus,Healthy,0,Citrus,Healthy,0,qwen2.5vl:7b,qwen2.5vl:7b,0,0
b (181).png,"Citrus,Black Spot",Citrus,Black Spot,Citrus,Black Spot,1,0.9666666666666667,1.0,0.662,Citrus,Black Spot,1,0.9166666666666666,1.0,0.338,1,1,1,1,1,1,Citrus,Black Spot,1,Citrus,Black Spot,1,Citrus,Black Spot,1,None,None,0,0,Citrus,Greening,0,Citrus,Greening,0,Citrus,Greening,0,None,None,0,0,Citrus,Canker,0,Citrus,Canker,0,Citrus,Black Spot,1,None,qwen2.5vl:7b,0,1
b (243).png,"Citrus,Black Spot",Citrus,Black Spot,Citrus,Black Spot,0,1.0,1.0,0.662,Citrus,Black Spot,1,0.8999999999999999,1.0,0.675,1,1,1,1,1,1,Citrus,Black Spot,1,Citrus,Black Spot,1,Citrus,Black Spot,1,qwen2.5vl:3b,None,0,0,Citrus,Black Spot,1,Citrus,Black Spot,1,Citrus,Healthy,0,qwen2.5vl:7b,,0,1,Citrus,Healthy,0,Citrus,Healthy,0,Citrus,Black Spot,1,AGREE with qwen2.5vl:7b,None,0,1
bl (3).png,"Citrus,Black Spot",Citrus,Black Spot,Citrus,Greening,1,1.0,1.0,1.0,Citrus,Greening,1,0.875,1.0,0.675,1,0,0,1,0,0,Citrus,Greening,0,Citrus,Greening,0,Citrus,Greening,0,qwen2.5vl:3b,None,0,0,Citrus,Greening,0,Citrus,Greening,0,Citrus,Greening,0,qwen2.5vl:7b,,0,0,Citrus,Healthy,0,Citrus,Greening,0,Citrus,Greening,0,AGREE with qwen2.5vl:7b and qwen2.5vl:3b,qwen2.5vl:7b,1,0
g (89).png,"Citrus,Greening",Citrus,Greening,Citrus,Greening,1,0.9666666666666667,1.0,1.0,Citrus,Greening,1,0.875,1.0,0.675,1,1,1,1,1,1,Citrus,Greening,1,Citrus,Greening,1,Citrus,Greening,1,None,qwen2.5vl:3b,0,0,Citrus,Greening,1,Citrus,Greening,1,Citrus,Greening,1,qwen2.5vl:7b,None,0,0,Citrus,Healthy,0,Citrus,Healthy,0,Citrus,Greening,1,,None,0,1
b (85).png,"Citrus,Black Spot",Citrus,Black Spot,Citrus,Black Spot,1,0.9666666666666667,1.0,1.0,Citrus,Black Spot,1,0.9,1.0,0.662,1,1,1,1,1,1,Citrus,Greening,0,Citrus,Black Spot,1,Citrus,Black Spot,1,None,None,1,0,Citrus,Black Spot,1,Citrus,Black Spot,1,Citrus,Black Spot,1,None,qwen2.5vl:7b and llava:7b,0,0,Citrus,Black Spot,1,Citrus,Black Spot,1,Citrus,Black Spot,1,None,qwen2.5vl:7b and llava:7b,0,0
b (189).png,"Citrus,Black Spot",Citrus,Black Spot,Citrus,Healthy,0,1.0,1.0,1.0,Citrus,Healthy,0,0.9,1.0,0.662,1,0,0,1,0,0,Citrus,Greening,0,Citrus,Greening,0,Citrus,Healthy,0,None,None,0,1,Citrus,Healthy,0,Citrus,Healthy,0,Citrus,Healthy,0,None,,0,0,Citrus,Healthy,0,Citrus,Healthy,0,Citrus,Healthy,0,None,"qwen2.5vl:7b, qwen2.5vl:3b",0,0
g (5).png,"Citrus,Greening",Citrus,Greening,Citrus,Greening,1,0.9666666666666667,1.0,1.0,Citrus,Greening,1,0.875,1.0,0.675,1,1,1,1,1,1,Citrus,Greening,1,Citrus,Greening,1,Citrus,Greening,1,qwen2.5vl:3b,None,0,0,Citrus,Greening,1,Citrus,Greening,1,Citrus,Greening,1,qwen2.5vl:7b,None,0,0,Citrus,Healthy,0,Citrus,Greening,1,Citrus,Greening,1,None,None,1,0
b (242).png,"Citrus,Black Spot",Citrus,Black Spot,Citrus,Black Spot,1,1.0,1.0,0.662,Citrus,Black Spot,1,0.9166666666666666,1.0,0.662,1,1,1,1,1,1,Citrus,Black Spot,1,Citrus,Black Spot,1,Citrus,Black Spot,1,None,None,0,0,Citrus,Greening,0,Citrus,Greening,0,Citrus,Greening,0,qwen2.5vl:3b,,0,0,Citrus,Black Spot,1,Citrus,Black Spot,1,Citrus,Black Spot,1,Qwen2.5vl:7b,qwen2.5vl:7b,0,0
15.pn.png,"Citrus,Healthy",Citrus,Healthy,Citrus,Healthy,0,0.9666666666666667,1.0,1.0,Citrus,Healthy,0,0.925,1.0,1.0,1,1,1,1,1,1,Citrus,Healthy,1,Citrus,Healthy,1,Citrus,Healthy,1,None,None,0,0,Citrus,Healthy,1,Citrus,Healthy,1,Citrus,Healthy,1,llava:7b,llava:7b,0,0,Citrus,Healthy,1,Citrus,Healthy,1,Citrus,Healthy,1,None,qwen2.5vl:3b and llava:7b,0,0
g (2).png,"Citrus,Greening",Citrus,Greening,Citrus,Greening,1,0.5,1.0,0.662,Citrus,Greening,1,0.875,1.0,0.675,1,1,1,1,1,1,Citrus,Greening,1,Citrus,Greening,1,Citrus,Greening,1,qwen2.5vl:3b,qwen2.5vl:3b,0,0,Citrus,Greening,1,Citrus,Greening,1,Citrus,Black Spot,0,qwen2.5vl:7b,"<exact peer name who changed your verdict, or None>",0,1,Citrus,Healthy,0,Citrus,Greening,1,Citrus,Greening,1,None,None,1,0
24.pn.png,"Citrus,Canker",Citrus,Canker,Citrus,Greening,1,0.9666666666666667,1.0,0.675,Citrus,Greening,1,0.875,1.0,0.675,1,0,0,1,0,0,Citrus,Greening,0,Citrus,Greening,0,Citrus,Greening,0,None,None,0,0,Citrus,Greening,0,Citrus,Greening,0,Citrus,Greening,0,None,qwen2.5vl:3b,0,0,Citrus,Black Spot,0,Citrus,Black Spot,0,Citrus,Black Spot,0,None,None,0,0
85.pn.png,"Citrus,Canker",Citrus,Canker,Citrus,Black Spot,1,0.9666666666666667,1.0,0.662,Citrus,Black Spot,1,0.875,1.0,0.338,1,0,0,1,0,0,Citrus,Black Spot,0,Citrus,Black Spot,0,Citrus,Black Spot,0,qwen2.5vl:3b,None,0,0,Citrus,Greening,0,Citrus,Greening,0,Citrus,Greening,0,qwen2.5vl:3b,qwen2.5vl:3b,0,0,Citrus,Healthy,0,Citrus,Black Spot,0,Citrus,Black Spot,0,qwen2.5vl:7b,qwen2.5vl:7b,1,0
g (197).png,"Citrus,Greening",Citrus,Greening,Citrus,Greening,1,0.9666666666666667,1.0,1.0,Citrus,Greening,1,0.9166666666666666,1.0,0.675,1,1,1,1,1,1,Citrus,Greening,1,Citrus,Greening,1,Citrus,Greening,1,qwen2.5vl:3b,None,0,0,Citrus,Greening,1,Citrus,Greening,1,Citrus,Greening,1,qwen2.5vl:7b,qwen2.5vl:3b,0,0,Citrus,Healthy,0,Citrus,Greening,1,Citrus,Greening,1,None,None,1,0
b (145).png,"Citrus,Black Spot",Citrus,Black Spot,Citrus,Healthy,0,1.0,1.0,1.0,Citrus,Healthy,0,0.9333333333333332,1.0,0.662,1,0,0,1,0,0,Citrus,Greening,0,Citrus,Greening,0,Citrus,Healthy,0,None,None,0,1,Citrus,Healthy,0,Citrus,Healthy,0,Citrus,Healthy,0,None,,0,0,Citrus,Healthy,0,Citrus,Healthy,0,Citrus,Healthy,0,AGREE with qwen2.5vl:3b,None,0,0
20.pn.png,"Citrus,Healthy",Citrus,Healthy,Citrus,Healthy,0,0.6666666666666666,1.0,0.662,Citrus,Healthy,0,0.925,1.0,0.662,1,1,1,1,1,1,Citrus,Greening,0,Citrus,Healthy,1,Citrus,Healthy,1,None,None,1,0,Citrus,Healthy,1,Citrus,Healthy,1,Citrus,Black Spot,0,None,"<exact peer name who changed your verdict, or None>",0,1,Citrus,Healthy,1,Citrus,Healthy,1,Citrus,Healthy,1,qwen2.5vl:7b,qwen2.5vl:7b and qwen2.5vl:3b,0,0
b (259).png,"Citrus,Black Spot",Citrus,Black Spot,Citrus,Greening,1,0.9666666666666667,1.0,0.675,Citrus,Greening,1,0.875,1.0,0.675,1,0,0,1,0,0,Citrus,Greening,0,Citrus,Greening,0,Citrus,Greening,0,qwen2.5vl:3b,None,0,0,Citrus,Greening,0,Citrus,Greening,0,Citrus,Greening,0,qwen2.5vl:7b,qwen2.5vl:3b,0,0,Citrus,Healthy,0,Citrus,Greening,0,Citrus,Healthy,0,None,None,1,1
g (79).png,"Citrus,Greening",Citrus,Greening,Citrus,Healthy,0,0.9666666666666667,1.0,0.675,Citrus,Healthy,0,0.925,1.0,0.662,1,0,0,1,0,0,Citrus,Greening,1,Citrus,Greening,1,Citrus,Healthy,0,qwen2.5vl:7b,None,0,1,Citrus,Healthy,0,Citrus,Healthy,0,Citrus,Healthy,0,None,None,0,0,Citrus,Healthy,0,Citrus,Healthy,0,Citrus,Greening,1,qwen2.5vl:7b,qwen2.5vl:7b,0,1
g (76).png,"Citrus,Greening",Citrus,Greening,Citrus,Greening,1,1.0,1.0,1.0,Citrus,Greening,1,0.875,1.0,0.675,1,1,1,1,1,1,Citrus,Greening,1,Citrus,Greening,1,Citrus,Greening,1,qwen2.5vl:3b,None,0,0,Citrus,Greening,1,Citrus,Greening,1,Citrus,Greening,1,qwen2.5vl:7b,,0,0,Citrus,Healthy,0,Citrus,Healthy,0,Citrus,Greening,1,AGREE with qwen2.5vl:7b,qwen2.5vl:7b,0,1
46.pn.png,"Citrus,Healthy",Citrus,Healthy,Citrus,Greening,1,0.9333333333333332,1.0,1.0,Citrus,Greening,1,0.9166666666666666,1.0,0.675,1,0,0,1,0,0,Citrus,Greening,0,Citrus,Greening,0,Citrus,Greening,0,qwen2.5vl:3b,qwen2.5vl:3b,0,0,Citrus,Greening,0,Citrus,Greening,0,Citrus,Greening,0,qwen2.5vl:7b,qwen2.5vl:3b,0,0,Citrus,Healthy,1,Citrus,Healthy,1,Citrus,Greening,0,AGREE with qwen2.5vl:7b,None,0,1
b (191).png,"Citrus,Black Spot",Citrus,Black Spot,Citrus,Greening,1,0.95,1.0,1.0,Citrus,Greening,1,0.875,1.0,0.675,1,0,0,1,0,0,Citrus,Greening,0,Citrus,Greening,0,Citrus,Greening,0,qwen2.5vl:3b,qwen2.5vl:3b,0,0,Citrus,Greening,0,Citrus,Greening,0,Citrus,Greening,0,qwen2.5vl:7b,None,0,0,Citrus,Healthy,0,Citrus,Greening,0,Citrus,Greening,0,Qwen2.5vl:7b,None,1,0
71.pn.png,"Citrus,Canker",Citrus,Canker,Citrus,Black Spot,1,0.9666666666666667,1.0,0.662,Citrus,Black Spot,1,0.9166666666666666,1.0,0.662,1,0,0,1,0,0,Citrus,Black Spot,0,Citrus,Black Spot,0,Citrus,Black Spot,0,None,None,0,0,Citrus,Greening,0,Citrus,Greening,0,Citrus,Greening,0,None,None,0,0,Citrus,Black Spot,0,Citrus,Black Spot,0,Citrus,Black Spot,0,Qwen2.5vl:7b,None,0,0
b (161).png,"Citrus,Black Spot",Citrus,Black Spot,Citrus,Greening,1,1.0,1.0,1.0,Citrus,Greening,1,0.875,1.0,0.675,1,0,0,1,0,0,Citrus,Greening,0,Citrus,Greening,0,Citrus,Greening,0,qwen2.5vl:3b,None,0,0,Citrus,Greening,0,Citrus,Greening,0,Citrus,Greening,0,qwen2.5vl:7b,,0,0,Citrus,Healthy,0,Citrus,Greening,0,Citrus,Greening,0,None,None,1,0
g (187).png,"Citrus,Greening",Citrus,Greening,Citrus,Greening,1,1.0,1.0,1.0,Citrus,Greening,1,0.875,1.0,0.675,1,1,1,1,1,1,Citrus,Greening,1,Citrus,Greening,1,Citrus,Greening,1,qwen2.5vl:3b,None,0,0,Citrus,Greening,1,Citrus,Greening,1,Citrus,Greening,1,qwen2.5vl:7b,,0,0,Citrus,Healthy,0,Citrus,Healthy,0,Citrus,Greening,1,None,None,0,1
b (95).png,"Citrus,Black Spot",Citrus,Black Spot,Citrus,Healthy,0,0.9666666666666667,1.0,0.662,Citrus,Healthy,0,0.925,1.0,0.662,1,0,0,1,0,0,Citrus,Black Spot,1,Citrus,Black Spot,1,Citrus,Black Spot,1,qwen2.5vl:7b,None,0,0,Citrus,Healthy,0,Citrus,Healthy,0,Citrus,Healthy,0,None,qwen2.5vl:3b,0,0,Citrus,Healthy,0,Citrus,Healthy,0,Citrus,Healthy,0,qwen2.5vl:3b,"qwen2.5vl:7b, qwen2.5vl:3b",0,0
g (182).png,"Citrus,Greening",Citrus,Greening,Citrus,Greening,1,1.0,1.0,1.0,Citrus,Greening,1,0.875,1.0,1.0,1,1,1,1,1,1,Citrus,Greening,1,Citrus,Greening,1,Citrus,Greening,1,None,None,0,0,Citrus,Greening,1,Citrus,Greening,1,Citrus,Greening,1,None,None,0,0,Citrus,Greening,1,Citrus,Greening,1,Citrus,Greening,1,None,None,0,0
b (251).png,"Citrus,Black Spot",Citrus,Black Spot,Citrus,Greening,1,0.9666666666666667,1.0,1.0,Citrus,Greening,1,0.875,1.0,0.675,1,0,0,1,0,0,Citrus,Greening,0,Citrus,Greening,0,Citrus,Greening,0,qwen2.5vl:3b,None,0,0,Citrus,Greening,0,Citrus,Greening,0,Citrus,Greening,0,qwen2.5vl:7b,qwen2.5vl:7b,0,0,Citrus,Healthy,0,Citrus,Greening,0,Citrus,Greening,0,Qwen2.5vl:7b,None,1,0
4.png.png,"Citrus,Canker",Citrus,Canker,Citrus,Black Spot,1,0.9666666666666667,1.0,1.0,Citrus,Black Spot,1,0.95,1.0,0.675,1,0,0,1,0,0,Citrus,Black Spot,0,Citrus,Black Spot,0,Citrus,Black Spot,0,None,None,0,0,Citrus,Black Spot,0,Citrus,Black Spot,0,Citrus,Black Spot,0,qwen2.5vl:7b,llava:7b,0,0,Citrus,Healthy,0,Citrus,Black Spot,0,Citrus,Black Spot,0,Qwen2.5vl:7b,qwen2.5vl:7b,1,0
b (222).png,"Citrus,Black Spot",Citrus,Black Spot,Citrus,Healthy,0,1.0,1.0,1.0,Citrus,Healthy,0,0.95,1.0,0.662,1,0,0,1,0,0,Citrus,Greening,0,Citrus,Greening,0,Citrus,Healthy,0,None,None,0,1,Citrus,Healthy,0,Citrus,Healthy,0,Citrus,Healthy,0,None,,0,0,Citrus,Healthy,0,Citrus,Healthy,0,Citrus,Healthy,0,None,qwen2.5vl:3b,0,0
44.pn.png,"Citrus,Healthy",Citrus,Healthy,Citrus,Healthy,0,1.0,1.0,1.0,Citrus,Healthy,0,0.925,1.0,0.662,1,1,1,1,1,1,Citrus,Greening,0,Citrus,Greening,0,Citrus,Healthy,1,None,None,0,1,Citrus,Healthy,1,Citrus,Healthy,1,Citrus,Healthy,1,None,None,0,0,Citrus,Healthy,1,Citrus,Healthy,1,Citrus,Healthy,1,qwen2.5vl:3b,"qwen2.5vl:3b, llava:7b",0,0
b (277).png,"Citrus,Black Spot",Citrus,Black Spot,Citrus,Greening,1,0.9666666666666667,1.0,0.675,Citrus,Greening,1,0.875,1.0,0.675,1,0,0,1,0,0,Citrus,Greening,0,Citrus,Greening,0,Citrus,Greening,0,None,None,0,0,Citrus,Greening,0,Citrus,Greening,0,Citrus,Greening,0,None,qwen2.5vl:7b,0,0,Citrus,Black Spot,1,Citrus,Black Spot,1,Citrus,Black Spot,1,None,None,0,0
g (1).png,"Citrus,Greening",Citrus,Greening,Citrus,Greening,1,0.95,1.0,0.675,Citrus,Greening,1,0.875,1.0,0.675,1,1,1,1,1,1,Citrus,Greening,1,Citrus,Greening,1,Citrus,Greening,1,None,qwen2.5vl:3b,0,0,Citrus,Greening,1,Citrus,Greening,1,Citrus,Greening,1,qwen2.5vl:7b,qwen2.5vl:3b,0,0,Citrus,Healthy,0,Citrus,Greening,1,Citrus,Healthy,0,Qwen2.5vl:7b,None,1,1
75.pn.png,"Citrus,Canker",Citrus,Canker,Citrus,Black Spot,1,0.9666666666666667,1.0,0.662,Citrus,Black Spot,1,0.875,1.0,0.662,1,0,0,1,0,0,Citrus,Black Spot,0,Citrus,Black Spot,0,Citrus,Black Spot,0,None,None,0,0,Citrus,Greening,0,Citrus,Greening,0,Citrus,Greening,0,None,None,0,0,Citrus,Black Spot,0,Citrus,Black Spot,0,Citrus,Black Spot,0,Qwen2.5vl:7b,None,0,0
37.pn.png,"Citrus,Healthy",Citrus,Healthy,Citrus,Healthy,0,1.0,1.0,1.0,Citrus,Healthy,0,0.925,1.0,0.662,1,1,1,1,1,1,Citrus,Black Spot,0,Citrus,Healthy,1,Citrus,Healthy,1,None,None,1,0,Citrus,Healthy,1,Citrus,Healthy,1,Citrus,Healthy,1,None,,0,0,Citrus,Healthy,1,Citrus,Healthy,1,Citrus,Healthy,1,qwen2.5vl:3b,qwen2.5vl:3b,0,0
b (69).png,"Citrus,Black Spot",Citrus,Black Spot,Citrus,Healthy,0,1.0,1.0,0.662,Citrus,Black Spot,1,0.875,1.0,0.675,1,1,1,1,0,0,Citrus,Black Spot,1,Citrus,Black Spot,1,Citrus,Black Spot,1,None,None,0,0,Citrus,Black Spot,1,Citrus,Black Spot,1,Citrus,Healthy,0,qwen2.5vl:7b,,0,1,Citrus,Healthy,0,Citrus,Healthy,0,Citrus,Healthy,0,None,None,0,0
42.pn.png,"Citrus,Healthy",Citrus,Healthy,Citrus,Healthy,0,1.0,1.0,1.0,Citrus,Healthy,0,0.925,1.0,0.662,1,1,1,1,1,1,Citrus,Greening,0,Citrus,Greening,0,Citrus,Healthy,1,None,None,0,1,Citrus,Healthy,1,Citrus,Healthy,1,Citrus,Healthy,1,None,None,0,0,Citrus,Healthy,1,Citrus,Healthy,1,Citrus,Healthy,1,None,"qwen2.5vl:7b, llava:7b",0,0
33.pn.png,"Citrus,Healthy",Citrus,Healthy,Citrus,Healthy,0,0.9666666666666667,1.0,1.0,Citrus,Healthy,0,0.925,1.0,1.0,1,1,1,1,1,1,Citrus,Healthy,1,Citrus,Healthy,1,Citrus,Healthy,1,None,None,0,0,Citrus,Healthy,1,Citrus,Healthy,1,Citrus,Healthy,1,None,None,0,0,Citrus,Healthy,1,Citrus,Healthy,1,Citrus,Healthy,1,None,qwen2.5vl:7b and qwen2.5vl:3b,0,0
g (39).png,"Citrus,Greening",Citrus,Greening,Citrus,Healthy,0,1.0,1.0,0.662,Citrus,Black Spot,1,0.825,1.0,0.338,1,0,0,1,0,0,Citrus,Black Spot,0,Citrus,Black Spot,0,Citrus,Black Spot,0,None,None,0,0,Citrus,Greening,1,Citrus,Greening,1,Citrus,Healthy,0,None,,0,1,Citrus,Healthy,0,Citrus,Healthy,0,Citrus,Healthy,0,None,None,0,0
g (130).png,"Citrus,Greening",Citrus,Greening,Citrus,Greening,1,1.0,1.0,1.0,Citrus,Greening,1,0.875,1.0,0.675,1,1,1,1,1,1,Citrus,Greening,1,Citrus,Greening,1,Citrus,Greening,1,qwen2.5vl:3b,qwen2.5vl:3b,0,0,Citrus,Greening,1,Citrus,Greening,1,Citrus,Greening,1,qwen2.5vl:7b,,0,0,Citrus,Healthy,0,Citrus,Greening,1,Citrus,Greening,1,None,None,1,0
5.png.png,"Citrus,Healthy",Citrus,Healthy,Citrus,Healthy,0,0.9666666666666667,1.0,0.675,Citrus,Healthy,0,0.925,1.0,0.662,1,1,1,1,1,1,Citrus,Greening,0,Citrus,Greening,0,Citrus,Healthy,1,None,None,0,1,Citrus,Healthy,1,Citrus,Healthy,1,Citrus,Healthy,1,None,None,0,0,Citrus,Healthy,1,Citrus,Healthy,1,Citrus,Greening,0,qwen2.5vl:7b,qwen2.5vl:7b,0,1
g (30).png,"Citrus,Greening",Citrus,Greening,Citrus,Greening,1,0.9666666666666667,1.0,1.0,Citrus,Greening,1,0.925,1.0,0.675,1,1,1,1,1,1,Citrus,Greening,1,Citrus,Greening,1,Citrus,Greening,1,None,None,0,0,Citrus,Greening,1,Citrus,Greening,1,Citrus,Greening,1,qwen2.5vl:7b,qwen2.5vl:3b,0,0,Citrus,Healthy,0,Citrus,Greening,1,Citrus,Greening,1,None,None,1,0
b (197).png,"Citrus,Black Spot",Citrus,Black Spot,Citrus,Greening,1,0.9666666666666667,1.0,1.0,Citrus,Greening,1,0.875,1.0,0.675,1,0,0,1,0,0,Citrus,Greening,0,Citrus,Greening,0,Citrus,Greening,0,None,None,0,0,Citrus,Greening,0,Citrus,Greening,0,Citrus,Greening,0,qwen2.5vl:7b,"qwen2.5vl:7b, llava:7b",0,0,Citrus,Healthy,0,Citrus,Greening,0,Citrus,Greening,0,qwen2.5vl:7b,qwen2.5vl:7b,1,0
10.pn.png,"Citrus,Healthy",Citrus,Healthy,Citrus,Greening,1,0.9333333333333332,1.0,1.0,Citrus,Greening,1,0.825,1.0,0.675,1,0,0,1,0,0,Citrus,Greening,0,Citrus,Greening,0,Citrus,Greening,0,qwen2.5vl:3b,None,0,0,Citrus,Greening,0,Citrus,Greening,0,Citrus,Greening,0,qwen2.5vl:7b,None,0,0,Citrus,Healthy,1,Citrus,Greening,0,Citrus,Greening,0,qwen2.5vl:7b and qwen2.5vl:3b,qwen2.5vl,1,0
b (91).png,"Citrus,Black Spot",Citrus,Black Spot,Citrus,Black Spot,1,0.9833333333333334,1.0,0.662,Citrus,Black Spot,1,0.875,1.0,0.662,1,1,1,1,1,1,Citrus,Black Spot,1,Citrus,Black Spot,1,Citrus,Black Spot,1,None,None,0,0,Citrus,Greening,0,Citrus,Greening,0,Citrus,Greening,0,None,None,0,0,Citrus,Black Spot,1,Citrus,Black Spot,1,Citrus,Black Spot,1,None,None,0,0
g (22).png,"Citrus,Greening",Citrus,Greening,Citrus,Greening,1,0.9666666666666667,1.0,1.0,Citrus,Greening,1,0.875,1.0,0.675,1,1,1,1,1,1,Citrus,Greening,1,Citrus,Greening,1,Citrus,Greening,1,None,qwen2.5vl:3b,0,0,Citrus,Greening,1,Citrus,Greening,1,Citrus,Greening,1,qwen2.5vl:7b,qwen2.5vl:3b,0,0,Citrus,Healthy,0,Citrus,Greening,1,Citrus,Greening,1,None,qwen2.5vl,1,0
88.pn.png,"Citrus,Canker",Citrus,Canker,Citrus,Black Spot,1,0.9666666666666667,1.0,0.662,Citrus,Black Spot,1,0.9166666666666666,1.0,0.662,1,0,0,1,0,0,Citrus,Black Spot,0,Citrus,Black Spot,0,Citrus,Black Spot,0,None,None,0,0,Citrus,Greening,0,Citrus,Greening,0,Citrus,Greening,0,llava:7b,qwen2.5vl:7b,0,0,Citrus,Black Spot,0,Citrus,Black Spot,0,Citrus,Black Spot,0,None,None,0,0
144.p.png,"Citrus,Canker",Citrus,Canker,Citrus,Black Spot,1,0.9666666666666667,1.0,0.662,Citrus,Black Spot,1,0.9166666666666666,1.0,0.662,1,0,0,1,0,0,Citrus,Black Spot,0,Citrus,Black Spot,0,Citrus,Black Spot,0,None,None,0,0,Citrus,Greening,0,Citrus,Greening,0,Citrus,Greening,0,qwen2.5vl:3b,qwen2.5vl:7b,0,0,Citrus,Black Spot,0,Citrus,Black Spot,0,Citrus,Black Spot,0,Qwen2.5vl:7b,qwen2.5vl:7b and llava:7b,0,0
8.png.png,"Citrus,Healthy",Citrus,Healthy,Citrus,Healthy,0,1.0,1.0,1.0,Citrus,Healthy,0,0.95,1.0,1.0,1,1,1,1,1,1,Citrus,Healthy,1,Citrus,Healthy,1,Citrus,Healthy,1,None,None,0,0,Citrus,Healthy,1,Citrus,Healthy,1,Citrus,Healthy,1,None,None,0,0,Citrus,Healthy,1,Citrus,Healthy,1,Citrus,Healthy,1,None,None,0,0
g (91).png,"Citrus,Greening",Citrus,Greening,Citrus,Healthy,0,0.9666666666666667,1.0,0.675,Citrus,Healthy,0,0.925,1.0,0.662,1,0,0,1,0,0,Citrus,Greening,1,Citrus,Greening,1,Citrus,Healthy,0,qwen2.5vl:7b,None,0,1,Citrus,Healthy,0,Citrus,Healthy,0,Citrus,Healthy,0,None,None,0,0,Citrus,Healthy,0,Citrus,Greening,1,Citrus,Greening,1,qwen2.5vl:3b,qwen2.5vl:7b,1,0
35.pn.png,"Citrus,Canker",Citrus,Canker,Citrus,Black Spot,1,0.9333333333333332,1.0,0.662,Citrus,Black Spot,1,0.9166666666666666,1.0,0.662,1,0,0,1,0,0,Citrus,Black Spot,0,Citrus,Black Spot,0,Citrus,Black Spot,0,qwen2.5vl:7b and llava:7b,None,0,0,Citrus,Greening,0,Citrus,Greening,0,Citrus,Greening,0,None,None,0,0,Citrus,Black Spot,0,Citrus,Black Spot,0,Citrus,Black Spot,0,Qwen2.5vl:7b,None,0,0
g (16).png,"Citrus,Greening",Citrus,Greening,Citrus,Greening,1,1.0,1.0,1.0,Citrus,Greening,1,0.875,1.0,0.675,1,1,1,1,1,1,Citrus,Greening,1,Citrus,Greening,1,Citrus,Greening,1,qwen2.5vl:3b,None,0,0,Citrus,Greening,1,Citrus,Greening,1,Citrus,Greening,1,qwen2.5vl:7b,,0,0,Citrus,Healthy,0,Citrus,Greening,1,Citrus,Greening,1,None,None,1,0
135.p.png,"Citrus,Canker",Citrus,Canker,Citrus,Black Spot,1,0.95,1.0,0.662,Citrus,Black Spot,1,0.875,1.0,0.662,1,0,0,1,0,0,Citrus,Black Spot,0,Citrus,Black Spot,0,Citrus,Black Spot,0,None,qwen2.5vl:7b and llava:7b,0,0,Citrus,Greening,0,Citrus,Greening,0,Citrus,Greening,0,None,None,0,0,Citrus,Black Spot,0,Citrus,Black Spot,0,Citrus,Black Spot,0,None,None,0,0
155.p.png,"Citrus,Canker",Citrus,Canker,Citrus,Black Spot,1,0.9666666666666667,1.0,0.662,Citrus,Black Spot,1,0.875,1.0,0.662,1,0,0,1,0,0,Citrus,Black Spot,0,Citrus,Black Spot,0,Citrus,Black Spot,0,None,None,0,0,Citrus,Greening,0,Citrus,Greening,0,Citrus,Greening,0,None,llava:7b,0,0,Citrus,Black Spot,0,Citrus,Black Spot,0,Citrus,Black Spot,0,None,None,0,0
69.pn.png,"Citrus,Canker",Citrus,Canker,Citrus,Black Spot,1,0.6666666666666666,1.0,1.0,Citrus,Black Spot,1,0.8833333333333333,1.0,0.662,1,0,0,1,0,0,Citrus,Black Spot,0,Citrus,Black Spot,0,Citrus,Black Spot,0,qwen2.5vl:7b and llava:7b,None,0,0,Citrus,Greening,0,Citrus,Greening,0,Citrus,Black Spot,0,qwen2.5vl:3b,"<exact peer name who changed your verdict, or None>",0,1,Citrus,Black Spot,0,Citrus,Black Spot,0,Citrus,Black Spot,0,AGREE with qwen2.5vl:7b,None,0,0
g (90).png,"Citrus,Greening",Citrus,Greening,Citrus,Healthy,0,1.0,1.0,1.0,Citrus,Healthy,0,0.9,1.0,0.662,1,0,0,1,0,0,Citrus,Greening,1,Citrus,Healthy,0,Citrus,Healthy,0,None,None,1,0,Citrus,Healthy,0,Citrus,Healthy,0,Citrus,Healthy,0,None,,0,0,Citrus,Healthy,0,Citrus,Healthy,0,Citrus,Healthy,0,qwen2.5vl:7b,"qwen2.5vl:7b, llava:7b",0,0
g (135).png,"Citrus,Greening",Citrus,Greening,Citrus,Healthy,0,1.0,1.0,1.0,Citrus,Healthy,0,0.925,1.0,0.662,1,0,0,1,0,0,Citrus,Greening,1,Citrus,Greening,1,Citrus,Healthy,0,None,None,0,1,Citrus,Healthy,0,Citrus,Healthy,0,Citrus,Healthy,0,None,None,0,0,Citrus,Healthy,0,Citrus,Healthy,0,Citrus,Healthy,0,None,"qwen2.5vl:3b, llava:7b",0,0
15.pn.png,"Citrus,Canker",Citrus,Canker,Citrus,Black Spot,1,0.9666666666666667,1.0,0.662,Citrus,Black Spot,1,0.8833333333333333,1.0,0.662,1,0,0,1,0,0,Citrus,Black Spot,0,Citrus,Black Spot,0,Citrus,Black Spot,0,None,None,0,0,Citrus,Greening,0,Citrus,Greening,0,Citrus,Greening,0,None,qwen2.5vl:7b and llava:7b,0,0,Citrus,Black Spot,0,Citrus,Black Spot,0,Citrus,Black Spot,0,None,qwen2.5vl:7b and llava:7b,0,0
b (164).png,"Citrus,Black Spot",Citrus,Black Spot,Citrus,Greening,1,1.0,1.0,1.0,Citrus,Greening,1,0.875,1.0,0.675,1,0,0,1,0,0,Citrus,Greening,0,Citrus,Greening,0,Citrus,Greening,0,None,None,0,0,Citrus,Greening,0,Citrus,Greening,0,Citrus,Greening,0,qwen2.5vl:7b,,0,0,Citrus,Healthy,0,Citrus,Greening,0,Citrus,Greening,0,None,None,1,0
b (49).png,"Citrus,Black Spot",Citrus,Black Spot,Citrus,Greening,1,0.9666666666666667,1.0,0.675,Citrus,Greening,1,0.875,1.0,0.675,1,0,0,1,0,0,Citrus,Greening,0,Citrus,Greening,0,Citrus,Greening,0,None,None,0,0,Citrus,Greening,0,Citrus,Greening,0,Citrus,Greening,0,qwen2.5vl:7b,"qwen2.5vl:7b, llava:7b",0,0,Citrus,Black Spot,1,Citrus,Black Spot,1,Citrus,Black Spot,1,None,None,0,0
g (87).png,"Citrus,Greening",Citrus,Greening,Citrus,Greening,0,1.0,1.0,0.662,Citrus,Greening,1,0.875,1.0,0.675,1,1,1,1,1,1,Citrus,Greening,1,Citrus,Greening,1,Citrus,Greening,1,None,None,0,0,Citrus,Greening,1,Citrus,Greening,1,Citrus,Healthy,0,qwen2.5vl:7b,,0,1,Citrus,Healthy,0,Citrus,Greening,1,Citrus,Greening,1,Qwen2.5vl:7b,None,1,0
55.pn.png,"Citrus,Healthy",Citrus,Healthy,Citrus,Healthy,0,1.0,1.0,1.0,Citrus,Healthy,0,0.925,1.0,1.0,1,1,1,1,1,1,Citrus,Healthy,1,Citrus,Healthy,1,Citrus,Healthy,1,None,None,0,0,Citrus,Healthy,1,Citrus,Healthy,1,Citrus,Healthy,1,None,None,0,0,Citrus,Healthy,1,Citrus,Healthy,1,Citrus,Healthy,1,None,qwen2.5vl:7b and qwen2.5vl:3b,0,0
g (95).png,"Citrus,Greening",Citrus,Greening,Citrus,Healthy,0,1.0,1.0,1.0,Citrus,Healthy,0,0.925,1.0,0.662,1,0,0,1,0,0,Citrus,Greening,1,Citrus,Greening,1,Citrus,Healthy,0,None,None,0,1,Citrus,Healthy,0,Citrus,Healthy,0,Citrus,Healthy,0,None,,0,0,Citrus,Healthy,0,Citrus,Healthy,0,Citrus,Healthy,0,qwen2.5vl:7b,qwen2.5vl:7b,0,0
g (124).png,"Citrus,Greening",Citrus,Greening,Citrus,Greening,1,0.9,1.0,1.0,Citrus,Greening,1,0.875,1.0,0.675,1,1,1,1,1,1,Citrus,Greening,1,Citrus,Greening,1,Citrus,Greening,1,qwen2.5vl:3b,None,0,0,Citrus,Greening,1,Citrus,Greening,1,Citrus,Greening,1,llava:7b,qwen2.5vl:7b,0,0,Citrus,Healthy,0,Citrus,Greening,1,Citrus,Greening,1,None,qwen2.5vl:3b,1,0
36.pn.png,"Citrus,Canker",Citrus,Canker,Citrus,Black Spot,1,0.9666666666666667,1.0,0.662,Citrus,Black Spot,1,0.875,1.0,0.662,1,0,0,1,0,0,Citrus,Black Spot,0,Citrus,Black Spot,0,Citrus,Black Spot,0,None,None,0,0,Citrus,Greening,0,Citrus,Greening,0,Citrus,Greening,0,llava:7b,qwen2.5vl:7b,0,0,Citrus,Black Spot,0,Citrus,Black Spot,0,Citrus,Black Spot,0,,None,0,0
b (166).png,"Citrus,Black Spot",Citrus,Black Spot,Citrus,Greening,1,0.9666666666666667,1.0,1.0,Citrus,Greening,1,0.875,1.0,0.675,1,0,0,1,0,0,Citrus,Greening,0,Citrus,Greening,0,Citrus,Greening,0,None,None,0,0,Citrus,Greening,0,Citrus,Greening,0,Citrus,Greening,0,qwen2.5vl:7b,qwen2.5vl:3b,0,0,Citrus,Healthy,0,Citrus,Greening,0,Citrus,Greening,0,None,None,1,0
111.p.png,"Citrus,Canker",Citrus,Canker,Citrus,Black Spot,1,0.9666666666666667,1.0,0.662,Citrus,Black Spot,1,0.8833333333333333,1.0,0.662,1,0,0,1,0,0,Citrus,Black Spot,0,Citrus,Black Spot,0,Citrus,Black Spot,0,None,None,0,0,Citrus,Greening,0,Citrus,Greening,0,Citrus,Greening,0,None,qwen2.5vl:7b,0,0,Citrus,Black Spot,0,Citrus,Black Spot,0,Citrus,Black Spot,0,AGREE with qwen2.5vl:7b,None,0,0
b (198).png,"Citrus,Black Spot",Citrus,Black Spot,Citrus,Greening,1,0.9666666666666667,1.0,1.0,Citrus,Greening,1,0.875,1.0,0.675,1,0,0,1,0,0,Citrus,Greening,0,Citrus,Greening,0,Citrus,Greening,0,qwen2.5vl:3b,None,0,0,Citrus,Greening,0,Citrus,Greening,0,Citrus,Greening,0,qwen2.5vl:7b,qwen2.5vl:3b,0,0,Citrus,Healthy,0,Citrus,Greening,0,Citrus,Greening,0,Qwen2.5vl:3b,qwen2.5vl:7b,1,0
b (67).png,"Citrus,Black Spot",Citrus,Black Spot,Citrus,Greening,1,0.7,1.0,1.0,Citrus,Greening,1,0.8,1.0,0.675,1,0,0,1,0,0,Citrus,Greening,0,Citrus,Greening,0,Citrus,Greening,0,qwen2.5vl:3b,None,0,0,Citrus,Greening,0,Citrus,Greening,0,Citrus,Greening,0,[qwen2.5vl:7b],qwen2.5vl:7b,0,0,Citrus,Healthy,0,Citrus,Greening,0,Citrus,Greening,0,None,qwen2.5vl,1,0
b (244).png,"Citrus,Black Spot",Citrus,Black Spot,Citrus,Black Spot,1,0.9666666666666667,1.0,1.0,Citrus,Greening,1,0.875,1.0,0.338,1,0,0,1,1,1,Citrus,Greening,0,Citrus,Black Spot,1,Citrus,Black Spot,1,qwen2.5vl:3b,None,1,0,Citrus,Black Spot,1,Citrus,Black Spot,1,Citrus,Black Spot,1,qwen2.5vl:7b,qwen2.5vl:3b,0,0,Citrus,Healthy,0,Citrus,Healthy,0,Citrus,Black Spot,1,AGREE with qwen2.5vl:7b,None,0,1
60.pn.png,"Citrus,Canker",Citrus,Canker,Citrus,Black Spot,1,0.9666666666666667,1.0,1.0,Citrus,Black Spot,1,0.9166666666666666,1.0,0.662,1,0,0,1,0,0,Citrus,Black Spot,0,Citrus,Black Spot,0,Citrus,Black Spot,0,None,llava:7b,0,0,Citrus,Greening,0,Citrus,Greening,0,Citrus,Black Spot,0,None,"qwen2.5vl:7b, llava:7b",0,1,Citrus,Black Spot,0,Citrus,Black Spot,0,Citrus,Black Spot,0,None,None,0,0
g (29).png,"Citrus,Greening",Citrus,Greening,Citrus,Greening,1,0.9666666666666667,1.0,1.0,Citrus,Greening,1,0.875,1.0,0.675,1,1,1,1,1,1,Citrus,Greening,1,Citrus,Greening,1,Citrus,Greening,1,None,None,0,0,Citrus,Greening,1,Citrus,Greening,1,Citrus,Greening,1,qwen2.5vl:7b,qwen2.5vl:3b,0,0,Citrus,Healthy,0,Citrus,Greening,1,Citrus,Greening,1,Qwen2.5vl:7b,qwen2.5vl:7b,1,0
117.p.png,"Citrus,Canker",Citrus,Canker,Citrus,Black Spot,1,0.9666666666666667,1.0,0.662,Citrus,Black Spot,1,0.875,1.0,0.662,1,0,0,1,0,0,Citrus,Black Spot,0,Citrus,Black Spot,0,Citrus,Black Spot,0,None,None,0,0,Citrus,Greening,0,Citrus,Greening,0,Citrus,Greening,0,None,qwen2.5vl:7b,0,0,Citrus,Black Spot,0,Citrus,Black Spot,0,Citrus,Black Spot,0,Qwen2.5vl:7b,None,0,0
b (160).png,"Citrus,Black Spot",Citrus,Black Spot,Citrus,Greening,1,0.9333333333333332,1.0,1.0,Citrus,Greening,1,0.875,1.0,0.675,1,0,0,1,0,0,Citrus,Greening,0,Citrus,Greening,0,Citrus,Greening,0,qwen2.5vl:3b,None,0,0,Citrus,Greening,0,Citrus,Greening,0,Citrus,Greening,0,qwen2.5vl:7b,"qwen2.5vl:7b, llava:7b",0,0,Citrus,Healthy,0,Citrus,Greening,0,Citrus,Greening,0,None,None,1,0
2.png.png,"Citrus,Healthy",Citrus,Healthy,Citrus,Healthy,0,1.0,1.0,1.0,Citrus,Healthy,0,0.9666666666666667,1.0,0.662,1,1,1,1,1,1,Citrus,Greening,0,Citrus,Healthy,1,Citrus,Healthy,1,None,None,1,0,Citrus,Healthy,1,Citrus,Healthy,1,Citrus,Healthy,1,None,,0,0,Citrus,Healthy,1,Citrus,Healthy,1,Citrus,Healthy,1,Qwen2.5vl:7b,Qwen2.5vl,0,0
37.pn.png,"Citrus,Canker",Citrus,Canker,Citrus,Black Spot,1,0.9666666666666667,1.0,0.662,Citrus,Black Spot,1,0.9,1.0,0.662,1,0,0,1,0,0,Citrus,Black Spot,0,Citrus,Black Spot,0,Citrus,Black Spot,0,None,None,0,0,Citrus,Greening,0,Citrus,Greening,0,Citrus,Greening,0,None,qwen2.5vl:7b,0,0,Citrus,Black Spot,0,Citrus,Black Spot,0,Citrus,Black Spot,0,qwen2.5vl:7b,qwen2.5vl:7b,0,0
17.pn.png,"Citrus,Canker",Citrus,Canker,Citrus,Black Spot,1,1.0,1.0,1.0,Citrus,Black Spot,1,0.8999999999999999,1.0,1.0,1,0,0,1,0,0,Citrus,Black Spot,0,Citrus,Black Spot,0,Citrus,Black Spot,0,None,None,0,0,Citrus,Black Spot,0,Citrus,Black Spot,0,Citrus,Black Spot,0,None,,0,0,Citrus,Black Spot,0,Citrus,Black Spot,0,Citrus,Black Spot,0,None,None,0,0
92.pn.png,"Citrus,Canker",Citrus,Canker,Citrus,Black Spot,1,0.6666666666666666,1.0,1.0,Citrus,Black Spot,1,0.9333333333333332,1.0,0.662,1,0,0,1,0,0,Citrus,Black Spot,0,Citrus,Black Spot,0,Citrus,Black Spot,0,None,None,0,0,Citrus,Greening,0,Citrus,Greening,0,Citrus,Black Spot,0,llava:7b,"<exact peer name who changed your verdict, or None>",0,1,Citrus,Black Spot,0,Citrus,Black Spot,0,Citrus,Black Spot,0,Qwen2.5vl:7b,None,0,0
57.pn.png,"Citrus,Canker",Citrus,Canker,Citrus,Greening,1,0.95,1.0,1.0,Citrus,Greening,1,0.875,1.0,0.675,1,0,0,1,0,0,Citrus,Greening,0,Citrus,Greening,0,Citrus,Greening,0,qwen2.5vl:3b,qwen2.5vl:3b,0,0,Citrus,Greening,0,Citrus,Greening,0,Citrus,Greening,0,qwen2.5vl:7b,None,0,0,Citrus,Healthy,0,Citrus,Greening,0,Citrus,Greening,0,AGREE with qwen2.5vl:7b,None,1,0
b (78).png,"Citrus,Black Spot",Citrus,Black Spot,Citrus,Greening,1,0.9333333333333332,1.0,1.0,Citrus,Greening,1,0.8999999999999999,1.0,0.675,1,0,0,1,0,0,Citrus,Greening,0,Citrus,Greening,0,Citrus,Greening,0,None,None,0,0,Citrus,Greening,0,Citrus,Greening,0,Citrus,Greening,0,qwen2.5vl:7b,qwen2.5vl:3b,0,0,Citrus,Black Spot,1,Citrus,Black Spot,1,Citrus,Greening,0,None,qwen2.5vl:7b,0,1
g (203).png,"Citrus,Greening",Citrus,Greening,Citrus,Greening,1,0.9666666666666667,1.0,1.0,Citrus,Greening,1,0.9166666666666666,1.0,0.675,1,1,1,1,1,1,Citrus,Greening,1,Citrus,Greening,1,Citrus,Greening,1,None,None,0,0,Citrus,Greening,1,Citrus,Greening,1,Citrus,Greening,1,qwen2.5vl:7b,llava:7b,0,0,Citrus,Healthy,0,Citrus,Greening,1,Citrus,Greening,1,"AGREE with qwen2.5vl:7b, DISAGREE with qwen2.5vl:3b",qwen2.5vl:7b,1,0
58.pn.png,"Citrus,Healthy",Citrus,Healthy,Citrus,Healthy,0,1.0,1.0,1.0,Citrus,Healthy,0,0.95,1.0,1.0,1,1,1,1,1,1,Citrus,Healthy,1,Citrus,Healthy,1,Citrus,Healthy,1,None,None,0,0,Citrus,Healthy,1,Citrus,Healthy,1,Citrus,Healthy,1,None,None,0,0,Citrus,Healthy,1,Citrus,Healthy,1,Citrus,Healthy,1,None,qwen2.5vl:7b and qwen2.5vl:3b,0,0
g (6).png,"Citrus,Greening",Citrus,Greening,Citrus,Greening,1,0.9666666666666667,1.0,1.0,Citrus,Greening,1,0.875,1.0,0.675,1,1,1,1,1,1,Citrus,Greening,1,Citrus,Greening,1,Citrus,Greening,1,None,None,0,0,Citrus,Greening,1,Citrus,Greening,1,Citrus,Greening,1,qwen2.5vl:7b,qwen2.5vl:7b,0,0,Citrus,Healthy,0,Citrus,Greening,1,Citrus,Greening,1,None,None,1,0
39.pn.png,"Citrus,Healthy",Citrus,Healthy,Citrus,Greening,1,0.9666666666666667,1.0,1.0,Citrus,Greening,1,0.875,1.0,0.675,1,0,0,1,0,0,Citrus,Greening,0,Citrus,Greening,0,Citrus,Greening,0,qwen2.5vl:3b,qwen2.5vl:3b,0,0,Citrus,Greening,0,Citrus,Greening,0,Citrus,Greening,0,qwen2.5vl:7b,qwen2.5vl:3b,0,0,Citrus,Healthy,1,Citrus,Greening,0,Citrus,Greening,0,None,None,1,0
106.p.png,"Citrus,Canker",Citrus,Canker,Citrus,Black Spot,1,0.9666666666666667,1.0,0.662,Citrus,Black Spot,1,0.8999999999999999,1.0,0.662,1,0,0,1,0,0,Citrus,Black Spot,0,Citrus,Black Spot,0,Citrus,Black Spot,0,None,None,0,0,Citrus,Greening,0,Citrus,Greening,0,Citrus,Greening,0,llava:7b,llava:7b,0,0,Citrus,Black Spot,0,Citrus,Black Spot,0,Citrus,Black Spot,0,Peer 1's verdict,qwen2.5vl:7b and llava:7b,0,0
136.p.png,"Citrus,Canker",Citrus,Canker,Citrus,Black Spot,1,0.9666666666666667,1.0,1.0,Citrus,Black Spot,1,0.875,1.0,1.0,1,0,0,1,0,0,Citrus,Black Spot,0,Citrus,Black Spot,0,Citrus,Black Spot,0,None,None,0,0,Citrus,Black Spot,0,Citrus,Black Spot,0,Citrus,Black Spot,0,"qwen2.5vl:7b, llava:7b","qwen2.5vl:3b, llava:7b",0,0,Citrus,Black Spot,0,Citrus,Black Spot,0,Citrus,Black Spot,0,Qwen2.5vl:7b,None,0,0
b (59).png,"Citrus,Black Spot",Citrus,Black Spot,Citrus,Healthy,0,0.9666666666666667,1.0,0.675,Citrus,Healthy,0,0.925,1.0,0.662,1,0,0,1,0,0,Citrus,Greening,0,Citrus,Greening,0,Citrus,Healthy,0,qwen2.5vl:7b,None,0,1,Citrus,Healthy,0,Citrus,Healthy,0,Citrus,Healthy,0,None,None,0,0,Citrus,Healthy,0,Citrus,Healthy,0,Citrus,Greening,0,qwen2.5vl:7b,qwen2.5vl:7b,0,1
31.pn.png,"Citrus,Healthy",Citrus,Healthy,Citrus,Healthy,0,0.9666666666666667,1.0,1.0,Citrus,Healthy,0,0.925,1.0,0.662,1,1,1,1,1,1,Citrus,Greening,0,Citrus,Greening,0,Citrus,Healthy,1,None,None,0,1,Citrus,Healthy,1,Citrus,Healthy,1,Citrus,Healthy,1,None,None,0,0,Citrus,Healthy,1,Citrus,Healthy,1,Citrus,Healthy,1,qwen2.5vl:3b,"qwen2.5vl:3b, llava:7b",0,0
32.pn.png,"Citrus,Healthy",Citrus,Healthy,Citrus,Healthy,0,1.0,1.0,1.0,Citrus,Healthy,0,0.925,1.0,1.0,1,1,1,1,1,1,Citrus,Healthy,1,Citrus,Healthy,1,Citrus,Healthy,1,None,None,0,0,Citrus,Healthy,1,Citrus,Healthy,1,Citrus,Healthy,1,None,,0,0,Citrus,Healthy,1,Citrus,Healthy,1,Citrus,Healthy,1,None,None,0,0
g (198).png,"Citrus,Greening",Citrus,Greening,Citrus,Greening,1,1.0,1.0,1.0,Citrus,Black Spot,1,0.875,1.0,0.338,1,0,0,1,1,1,Citrus,Black Spot,0,Citrus,Black Spot,0,Citrus,Greening,1,qwen2.5vl:3b,qwen2.5vl:3b,0,1,Citrus,Greening,1,Citrus,Greening,1,Citrus,Greening,1,qwen2.5vl:7b,,0,0,Citrus,Healthy,0,Citrus,Healthy,0,Citrus,Greening,1,AGREE with qwen2.5vl:7b,qwen2.5vl,0,1
152.p.png,"Citrus,Canker",Citrus,Canker,Citrus,Black Spot,1,0.95,1.0,0.662,Citrus,Black Spot,1,0.9500000000000001,1.0,0.662,1,0,0,1,0,0,Citrus,Black Spot,0,Citrus,Black Spot,0,Citrus,Black Spot,0,None,qwen2.5vl:7b and llava:7b,0,0,Citrus,Greening,0,Citrus,Greening,0,Citrus,Greening,0,qwen2.5vl:3b,llava:7b,0,0,Citrus,Black Spot,0,Citrus,Black Spot,0,Citrus,Black Spot,0,qwen2.5vl:7b,"qwen2.5vl:7b, llava:7b",0,0
b (271).png,"Citrus,Black Spot",Citrus,Black Spot,Citrus,Greening,1,0.9666666666666667,1.0,1.0,Citrus,Greening,1,0.875,1.0,0.675,1,0,0,1,0,0,Citrus,Greening,0,Citrus,Greening,0,Citrus,Greening,0,qwen2.5vl:3b,None,0,0,Citrus,Greening,0,Citrus,Greening,0,Citrus,Greening,0,qwen2.5vl:7b,qwen2.5vl:3b,0,0,Citrus,Healthy,0,Citrus,Greening,0,Citrus,Greening,0,qwen2.5vl:7b,qwen2.5vl:7b,1,0
g (167).png,"Citrus,Greening",Citrus,Greening,Citrus,Black Spot,1,0.6666666666666666,1.0,1.0,Citrus,Black Spot,1,0.8999999999999999,1.0,0.662,1,0,0,1,0,0,Citrus,Greening,1,Citrus,Black Spot,0,Citrus,Black Spot,0,None,"<exact peer name who changed your verdict, or None>",1,0,Citrus,Black Spot,0,Citrus,Black Spot,0,Citrus,Black Spot,0,llava:7b,None,0,0,Citrus,Black Spot,0,Citrus,Black Spot,0,Citrus,Black Spot,0,None,qwen2.5vl:3b and llava:7b,0,0
b (2).png,"Citrus,Black Spot",Citrus,Black Spot,Citrus,Greening,0,0.9333333333333332,1.0,0.662,Citrus,Healthy,0,0.9,1.0,0.662,1,0,0,1,0,0,Citrus,Greening,0,Citrus,Greening,0,Citrus,Greening,0,None,None,0,0,Citrus,Healthy,0,Citrus,Healthy,0,Citrus,Healthy,0,llava:7b,None,0,0,Citrus,Healthy,0,Citrus,Healthy,0,Citrus,Greening,0,,llava:7b,0,1
b (174).png,"Citrus,Black Spot",Citrus,Black Spot,Citrus,Healthy,0,0.9666666666666667,1.0,0.662,Citrus,Healthy,0,0.925,1.0,0.662,1,0,0,1,0,0,Citrus,Black Spot,1,Citrus,Black Spot,1,Citrus,Black Spot,1,qwen2.5vl:7b,None,0,0,Citrus,Healthy,0,Citrus,Healthy,0,Citrus,Healthy,0,None,None,0,0,Citrus,Healthy,0,Citrus,Healthy,0,Citrus,Healthy,0,qwen2.5vl:3b,qwen2.5vl:3b,0,0
115.p.png,"Citrus,Canker",Citrus,Canker,Citrus,Black Spot,1,1.0,1.0,0.662,Citrus,Black Spot,1,0.9166666666666666,1.0,0.662,1,0,0,1,0,0,Citrus,Black Spot,0,Citrus,Black Spot,0,Citrus,Black Spot,0,None,None,0,0,Citrus,Greening,0,Citrus,Greening,0,Citrus,Greening,0,qwen2.5vl:3b,,0,0,Citrus,Black Spot,0,Citrus,Black Spot,0,Citrus,Black Spot,0,AGREE with qwen2.5vl:7b,None,0,0
g (100).png,"Citrus,Greening",Citrus,Greening,Citrus,Healthy,0,1.0,1.0,0.662,Citrus,Healthy,0,0.925,1.0,0.662,1,0,0,1,0,0,Citrus,Greening,1,Citrus,Greening,1,Citrus,Greening,1,qwen2.5vl:7b,None,0,0,Citrus,Healthy,0,Citrus,Healthy,0,Citrus,Healthy,0,None,,0,0,Citrus,Healthy,0,Citrus,Healthy,0,Citrus,Healthy,0,,qwen2.5vl:7b,0,0
11.pn.png,"Citrus,Healthy",Citrus,Healthy,Citrus,Healthy,0,0.9666666666666667,1.0,1.0,Citrus,Healthy,0,0.925,1.0,0.662,1,1,1,1,1,1,Citrus,Black Spot,0,Citrus,Black Spot,0,Citrus,Healthy,1,None,None,0,1,Citrus,Healthy,1,Citrus,Healthy,1,Citrus,Healthy,1,None,None,0,0,Citrus,Healthy,1,Citrus,Healthy,1,Citrus,Healthy,1,None,qwen2.5vl,0,0
109.p.png,"Citrus,Canker",Citrus,Canker,Citrus,Black Spot,1,0.9666666666666667,1.0,1.0,Citrus,Black Spot,1,0.8999999999999999,1.0,1.0,1,0,0,1,0,0,Citrus,Black Spot,0,Citrus,Black Spot,0,Citrus,Black Spot,0,None,None,0,0,Citrus,Black Spot,0,Citrus,Black Spot,0,Citrus,Black Spot,0,None,qwen2.5vl:7b and llava:7b,0,0,Citrus,Black Spot,0,Citrus,Black Spot,0,Citrus,Black Spot,0,None,qwen2.5vl:7b and qwen2.5vl:3b,0,0
b (225).png,"Citrus,Black Spot",Citrus,Black Spot,Citrus,Black Spot,1,0.9666666666666667,1.0,1.0,Citrus,Black Spot,1,0.875,1.0,0.675,1,1,1,1,1,1,Citrus,Black Spot,1,Citrus,Black Spot,1,Citrus,Black Spot,1,qwen2.5vl:3b,qwen2.5vl:3b,0,0,Citrus,Black Spot,1,Citrus,Black Spot,1,Citrus,Black Spot,1,qwen2.5vl:7b,qwen2.5vl:3b,0,0,Citrus,Healthy,0,Citrus,Black Spot,1,Citrus,Black Spot,1,AGREE with qwen2.5vl:7b,qwen2.5vl:7b,1,0
4.png.png,"Citrus,Healthy",Citrus,Healthy,Citrus,Healthy,0,0.9666666666666667,1.0,0.675,Citrus,Healthy,0,0.9500000000000001,1.0,0.662,1,1,1,1,1,1,Citrus,Greening,0,Citrus,Greening,0,Citrus,Healthy,1,qwen2.5vl:7b,None,0,1,Citrus,Healthy,1,Citrus,Healthy,1,Citrus,Healthy,1,None,None,0,0,Citrus,Healthy,1,Citrus,Healthy,1,Citrus,Greening,0,None,None,0,1
33.pn.png,"Citrus,Canker",Citrus,Canker,Citrus,Black Spot,1,0.9666666666666667,1.0,0.662,Citrus,Black Spot,1,0.875,1.0,0.662,1,0,0,1,0,0,Citrus,Black Spot,0,Citrus,Black Spot,0,Citrus,Black Spot,0,None,None,0,0,Citrus,Greening,0,Citrus,Greening,0,Citrus,Greening,0,None,None,0,0,Citrus,Black Spot,0,Citrus,Black Spot,0,Citrus,Black Spot,0,AGREE with qwen2.5vl:7b,None,0,0
b (140).png,"Citrus,Black Spot",Citrus,Black Spot,Citrus,Black Spot,1,0.9333333333333332,1.0,0.662,Citrus,Black Spot,1,0.9500000000000001,1.0,0.338,1,1,1,1,1,1,Citrus,Black Spot,1,Citrus,Black Spot,1,Citrus,Canker,0,qwen2.5vl:7b,llava:7b,0,1,Citrus,Healthy,0,Citrus,Healthy,0,Citrus,Black Spot,1,None,None,0,1,Citrus,Canker,0,Citrus,Canker,0,Citrus,Black Spot,1,qwen2.5vl:7b,qwen2.5vl:7b,0,1
16.pn.png,"Citrus,Healthy",Citrus,Healthy,Citrus,Healthy,0,1.0,1.0,1.0,Citrus,Healthy,0,0.925,1.0,0.662,1,1,1,1,1,1,Citrus,Black Spot,0,Citrus,Black Spot,0,Citrus,Healthy,1,qwen2.5vl:7b,None,0,1,Citrus,Healthy,1,Citrus,Healthy,1,Citrus,Healthy,1,None,None,0,0,Citrus,Healthy,1,Citrus,Healthy,1,Citrus,Healthy,1,qwen2.5vl:3b,qwen2.5vl:3b,0,0
160.p.png,"Citrus,Canker",Citrus,Canker,Citrus,Healthy,0,0.9833333333333334,1.0,0.675,Citrus,Healthy,0,0.925,0.662,0.662,1,0,0,1,0,0,Citrus,Greening,0,Citrus,Greening,0,Citrus,Healthy,0,None,None,0,1,,Healthy,0,,Healthy,0,Citrus,Healthy,0,None,None,0,0,Citrus,Healthy,0,Citrus,Healthy,0,Citrus,Greening,0,qwen2.5vl:3b,qwen2.5vl:7b,0,1
g (44).png,"Citrus,Greening",Citrus,Greening,Citrus,Greening,1,0.9666666666666667,1.0,1.0,Citrus,Greening,1,0.8,1.0,0.675,1,1,1,1,1,1,Citrus,Greening,1,Citrus,Greening,1,Citrus,Greening,1,qwen2.5vl:3b,None,0,0,Citrus,Greening,1,Citrus,Greening,1,Citrus,Greening,1,qwen2.5vl:7b,qwen2.5vl:7b,0,0,Citrus,Healthy,0,Citrus,Greening,1,Citrus,Greening,1,None,qwen2.5vl:3b,1,0
bl (4).png,"Citrus,Black Spot",Citrus,Black Spot,Citrus,Greening,1,0.9666666666666667,1.0,1.0,Citrus,Greening,1,0.875,1.0,0.675,1,0,0,1,0,0,Citrus,Greening,0,Citrus,Greening,0,Citrus,Greening,0,qwen2.5vl:3b,None,0,0,Citrus,Greening,0,Citrus,Greening,0,Citrus,Greening,0,qwen2.5vl:7b,qwen2.5vl:3b,0,0,Citrus,Healthy,0,Citrus,Greening,0,Citrus,Greening,0,None,Peer qwen2.5vl,1,0
b (44).png,"Citrus,Black Spot",Citrus,Black Spot,Citrus,Greening,1,0.9666666666666667,1.0,1.0,Citrus,Greening,0,0.925,1.0,0.338,1,0,0,1,0,0,Citrus,Greening,0,Citrus,Greening,0,Citrus,Greening,0,None,None,0,0,Citrus,Healthy,0,Citrus,Healthy,0,Citrus,Greening,0,None,"qwen2.5vl:7b, llava:7b",0,1,Citrus,Black Spot,1,Citrus,Greening,0,Citrus,Greening,0,qwen2.5vl:7b,qwen2.5vl:7b,1,0
34.pn.png,"Citrus,Canker",Citrus,Canker,Citrus,Black Spot,1,0.9666666666666667,1.0,0.662,Citrus,Black Spot,1,0.875,1.0,0.662,1,0,0,1,0,0,Citrus,Black Spot,0,Citrus,Black Spot,0,Citrus,Black Spot,0,None,None,0,0,Citrus,Greening,0,Citrus,Greening,0,Citrus,Greening,0,None,"qwen2.5vl:7b, llava:7b",0,0,Citrus,Black Spot,0,Citrus,Black Spot,0,Citrus,Black Spot,0,Qwen2.5vl:7b,None,0,0
g (72).png,"Citrus,Greening",Citrus,Greening,Citrus,Healthy,0,0.9666666666666667,1.0,0.675,Citrus,Healthy,0,0.925,1.0,0.662,1,0,0,1,0,0,Citrus,Greening,1,Citrus,Greening,1,Citrus,Healthy,0,None,None,0,1,Citrus,Healthy,0,Citrus,Healthy,0,Citrus,Healthy,0,None,None,0,0,Citrus,Healthy,0,Citrus,Healthy,0,Citrus,Greening,1,qwen2.5vl:7b,qwen2.5vl:7b,0,1
